time_s,var1,var2,var3,var4,var5,var6,var7,var8
0.00000,58.7235,-27.8415,-44.6758,58.4742,72.0720,-62.8362,22.9245,-68.9812
0.00417,58.4894,-27.8565,-44.7670,58.4757,72.1400,-62.8750,22.9200,-69.0110
0.00833,58.5164,-27.8899,-44.7846,58.4866,72.1377,-62.9416,22.9425,-68.9997
0.01250,58.5807,-27.8900,-44.8337,58.4819,72.1710,-63.0620,22.9396,-69.0223
0.01667,58.6538,-27.8761,-44.8850,58.4902,72.2132,-63.1088,22.9479,-69.0440
0.02083,58.6259,-27.9682,-44.8851,58.5224,72.1823,-63.1600,22.9313,-69.0671
0.02500,58.6365,-27.9814,-44.9572,58.5188,72.2337,-63.2337,22.9427,-69.0709
0.02917,58.8500,-27.8957,-44.9984,58.5077,72.2618,-63.2255,22.9030,-69.0810
0.03333,58.4765,-28.1017,-45.0366,58.5319,72.2554,-63.2286,22.8450,-69.1321
0.03750,58.4491,-28.1907,-45.0722,58.5172,72.2551,-63.2251,22.8114,-69.1421
0.04167,58.4716,-28.2427,-45.1017,58.5272,72.2427,-63.2668,22.7849,-69.2091
0.04583,58.4174,-28.2811,-45.1759,58.5127,72.2958,-63.2625,22.7347,-69.2227
0.05000,58.3055,-28.3530,-45.2349,58.5017,72.3162,-63.2640,22.7117,-69.2329
0.05417,58.5387,-28.3396,-45.3097,58.5304,72.3624,-63.2903,22.6596,-69.2910
0.05833,58.2635,-28.5278,-45.3130,58.5257,72.3208,-63.3163,22.6285,-69.3127
0.06250,58.1749,-28.5861,-45.3732,58.5139,72.3434,-63.3174,22.6018,-69.3204
0.06667,58.0973,-28.6739,-45.4294,58.5522,72.3728,-63.3393,22.5440,-69.3604
0.07083,58.0786,-28.7791,-45.4548,58.6438,72.3571,-63.7509,22.7415,-69.3411
0.07500,58.0014,-28.8663,-45.5171,58.6644,72.3986,-63.7330,22.6612,-69.3366
0.07917,58.1189,-28.7803,-45.6454,58.6522,72.5238,-63.7285,22.6249,-69.3288
0.08333,58.0780,-28.4897,-45.8114,58.7017,72.6139,-63.7215,22.5284,-69.3647
0.08750,57.8447,-29.1450,-45.6744,58.7123,72.4932,-63.7483,22.4678,-69.3773
0.09167,57.9193,-29.0465,-45.8233,58.7292,72.6579,-63.7842,22.4284,-69.3921
0.09583,58.1023,-28.8930,-45.8807,58.7167,72.6761,-63.7818,22.4050,-69.3651
0.10000,57.8033,-29.2680,-45.9186,58.7439,72.7328,-63.7806,22.2991,-69.3911
0.10417,57.7433,-29.4372,-45.9474,58.7325,72.7522,-63.7815,22.2787,-69.3645
0.10833,57.6475,-29.6169,-45.9691,58.7765,72.7724,-64.0246,22.2502,-69.3844
0.11250,57.8436,-29.4009,-46.1290,58.7652,72.9516,-64.0158,22.2307,-69.3533
0.11667,57.7713,-29.5931,-46.1751,58.7784,73.0198,-64.0032,22.1154,-69.3615
0.12083,57.7489,-29.7314,-46.2356,58.7666,73.0731,-64.0021,22.0917,-69.3396
0.12500,57.7701,-29.8544,-46.2611,58.7621,73.0818,-64.0175,21.9875,-69.3320
0.12917,57.8058,-29.6754,-46.4578,58.7528,73.3350,-64.0239,21.9718,-69.3155
0.13333,57.7312,-30.0893,-46.3583,58.7422,73.1817,-64.1147,21.8599,-69.3146
0.13750,57.7688,-30.2296,-46.3621,58.7338,73.1807,-64.1176,21.8568,-69.2992
0.14167,57.7886,-30.3143,-46.4582,58.7833,73.2794,-64.5130,21.8523,-69.2038
0.14583,57.7918,-30.2958,-46.5824,58.7868,73.3900,-64.6054,21.8171,-69.1710
0.15000,57.8691,-30.4510,-46.6092,58.7699,73.4144,-64.6636,21.7630,-69.1315
0.15417,58.0820,-30.4911,-46.6885,58.7352,73.5017,-64.7092,21.6855,-69.1110
0.15833,58.1595,-30.5276,-46.7527,58.6966,73.5417,-64.7507,21.6288,-69.0919
0.16250,58.4372,-30.5889,-46.7571,58.6569,73.5727,-64.7920,21.5683,-69.0671
0.16667,58.5745,-30.7078,-46.8553,58.5989,73.6361,-64.8194,21.5014,-69.0511
0.17083,58.8519,-30.6394,-46.9051,58.5544,73.7274,-64.8353,21.4654,-69.0137
0.17500,58.6451,-30.7496,-46.9751,58.5085,73.7570,-64.9343,21.4317,-68.9837
0.17917,58.9471,-30.7672,-47.0167,58.4417,73.7942,-64.9259,21.3396,-68.9956
0.18333,59.1965,-30.7951,-47.0867,58.4062,73.8883,-64.9846,21.3253,-68.9620
0.18750,59.4660,-30.8062,-47.1203,58.3502,73.9596,-65.0044,21.2645,-68.9510
0.19167,59.3194,-30.8522,-47.2324,58.2869,74.0432,-65.0854,21.2338,-68.9352
0.19583,59.6675,-30.8458,-47.2605,58.2267,74.1139,-65.1013,21.1856,-68.9410
0.20000,59.9478,-30.9125,-47.3026,58.1950,74.1756,-65.1627,21.1769,-68.9065
0.20417,59.9617,-30.9850,-47.3443,58.1182,74.2317,-65.1924,21.1379,-68.9222
0.20833,60.3254,-30.9014,-47.4253,58.0721,74.3909,-65.1997,21.1077,-68.9163
0.21250,60.5386,-31.0546,-47.4366,58.0269,74.4623,-65.2342,21.1033,-68.9118
0.21667,60.4572,-30.9501,-47.5586,57.9945,74.5994,-65.2695,21.0802,-68.8900
0.22083,60.8225,-30.9539,-47.5845,57.9363,74.7074,-65.2912,21.0736,-68.9066
0.22500,61.0286,-30.9936,-47.6412,57.8989,74.8119,-65.3228,21.0811,-68.8951
0.22917,61.0680,-30.9997,-47.7077,57.8697,74.9381,-65.3562,21.0752,-68.8969
0.23333,61.3156,-30.9290,-47.8011,57.8459,75.1156,-65.3724,21.0842,-68.8809
0.23750,61.4442,-31.0505,-47.8321,57.8179,75.2132,-65.3954,21.0929,-68.8904
0.24167,61.7330,-31.0655,-47.8544,57.8095,75.3372,-65.4256,21.1072,-68.8743
0.24583,62.0196,-31.0404,-47.9029,57.7807,75.4997,-65.4611,21.1438,-68.8531
0.25000,62.0609,-31.0721,-47.9544,57.7891,75.6122,-65.4823,21.1557,-68.8433
0.25417,62.4342,-31.0781,-47.9820,57.7890,75.7436,-65.6101,21.1381,-68.8692
0.25833,62.4215,-31.1464,-48.0414,57.7732,75.8750,-65.5648,21.2052,-68.8120
0.26250,62.7214,-31.1053,-48.1053,57.7826,76.0637,-65.6352,21.3009,-68.7736
0.26667,62.8609,-31.0937,-48.1609,57.7705,76.2263,-65.6338,21.2763,-68.7603
0.27083,63.2754,-31.0562,-48.1833,57.7551,76.3739,-65.6447,21.2913,-68.7682
0.27500,63.2736,-31.1912,-48.2136,57.7213,76.4719,-65.6388,21.3106,-68.7870
0.27917,63.5328,-31.1843,-48.2444,57.7832,76.6185,-65.7843,21.4703,-68.7191
0.28333,63.6666,-31.1861,-48.3001,57.7182,76.7658,-65.7318,21.4609,-68.7496
0.28750,63.8591,-31.1809,-48.3524,57.7211,76.9204,-65.8116,21.4500,-68.7244
0.29167,64.0502,-31.1818,-48.4028,57.6475,77.0854,-65.7973,21.3858,-68.7910
0.29583,64.2969,-31.0840,-48.4869,57.6998,77.3104,-65.9012,21.5348,-68.6896
0.30000,64.7750,-31.1162,-48.4540,57.6870,77.4175,-65.9629,21.5895,-68.6891
0.30417,65.2858,-31.0076,-48.5134,57.6437,77.6335,-66.0005,21.6531,-68.6738
0.30833,64.9556,-31.2008,-48.5783,57.6535,77.7264,-66.0882,21.6756,-68.6827
0.31250,65.2628,-31.1072,-48.6357,57.6463,77.9525,-66.1527,21.7425,-68.6617
0.31667,65.2447,-31.1856,-48.6811,57.6255,78.0828,-66.2148,21.7782,-68.6609
0.32083,65.7985,-31.1351,-48.6929,57.6106,78.2809,-66.2645,21.8083,-68.6347
0.32500,65.6305,-31.2003,-48.7806,57.6121,78.4605,-66.3211,21.8689,-68.6108
0.32917,65.7866,-31.2449,-48.8197,57.5258,78.6453,-66.3856,21.9376,-68.6553
0.33333,65.9950,-31.2945,-48.8484,57.5338,78.8343,-66.4440,21.9825,-68.6251
0.33750,66.1911,-31.3258,-48.8884,57.4923,79.0371,-66.5111,22.0193,-68.6373
0.34167,66.5884,-31.2388,-48.9756,57.4962,79.3328,-66.5854,22.0826,-68.6087
0.34583,66.6546,-31.4365,-48.9688,57.4812,79.4589,-66.6130,22.1151,-68.5771
0.35000,66.7703,-31.4306,-49.0510,57.4871,79.7009,-66.6969,22.3723,-68.5339
0.35417,66.7228,-31.6053,-49.0934,57.3157,79.9033,-66.7008,22.2715,-68.6461
0.35833,66.9394,-31.6547,-49.1434,57.3355,80.1334,-66.8018,22.3186,-68.6040
0.36250,67.2970,-31.5797,-49.2691,57.2817,80.4582,-66.7885,22.3935,-68.6096
0.36667,67.3910,-31.7506,-49.2809,57.2139,80.6656,-66.8262,22.4718,-68.6085
0.37083,67.2283,-31.9774,-49.3309,57.2198,80.8415,-66.9007,22.5319,-68.5788
0.37500,67.3241,-32.1425,-49.3666,57.0559,81.0481,-66.8678,22.5223,-68.6271
0.37917,67.5958,-32.2094,-49.4439,57.0573,81.3067,-66.9011,22.5677,-68.6000
0.38333,67.8868,-32.2066,-49.5460,57.0090,81.5833,-66.9361,22.6036,-68.5710
0.38750,67.5602,-32.5260,-49.5804,57.0149,81.7301,-66.9934,22.6553,-68.5507
0.39167,67.6019,-32.6900,-49.6481,56.9188,81.9346,-67.0207,22.6941,-68.5509
0.39583,67.7963,-32.8039,-49.7299,56.9313,82.1688,-67.0436,22.7559,-68.5045
0.40000,67.6759,-33.0054,-49.7972,56.7952,82.3474,-67.0219,22.7614,-68.5592
0.40417,67.9471,-33.0891,-49.9089,56.7650,82.6037,-67.0519,22.8078,-68.5270
0.40833,67.6618,-33.4017,-49.9464,56.7732,82.7082,-67.0654,22.8607,-68.4814
0.41250,67.8161,-33.5456,-50.0150,56.6878,82.9034,-67.0806,22.8845,-68.4926
0.41667,67.7521,-33.7486,-50.0956,56.6988,83.0584,-67.1058,22.9495,-68.4604
0.42083,67.6208,-33.9493,-50.1953,56.6332,83.2485,-67.1333,22.9636,-68.4057
0.42500,67.5851,-34.1553,-50.2728,56.6338,83.4013,-67.1467,23.0045,-68.3662
0.42917,67.7005,-34.3140,-50.3349,56.6393,83.5426,-67.1575,23.0735,-68.3267
0.43333,67.9254,-34.3943,-50.4522,56.5529,83.7962,-67.1559,23.0338,-68.3343
0.43750,67.4530,-34.7642,-50.4944,56.5536,83.8133,-67.1666,23.0921,-68.2862
0.44167,67.3944,-34.9329,-50.6006,56.5160,83.9703,-67.1943,23.0885,-68.2430
0.44583,67.4319,-35.0975,-50.6703,56.5284,84.0854,-67.1920,23.0997,-68.1995
0.45000,67.2380,-35.3369,-50.7457,56.5275,84.1859,-67.2027,23.1688,-68.1633
0.45417,67.2140,-35.5227,-50.8208,56.5226,84.3002,-67.2167,23.2263,-68.1273
0.45833,67.4035,-35.5054,-50.9671,56.4716,84.5256,-67.2274,23.1756,-68.0851
0.46250,67.1237,-35.8509,-50.9943,56.4513,84.5291,-67.2425,23.2129,-68.0355
0.46667,66.9411,-36.1183,-51.0361,56.4338,84.5887,-67.2553,23.2233,-67.9902
0.47083,66.8620,-36.2830,-51.1113,56.4328,84.6962,-67.2683,23.2610,-67.9148
0.47500,66.9022,-36.4250,-51.1566,56.4271,84.7594,-67.2739,23.3059,-67.8731
0.47917,66.7532,-36.6493,-51.2125,56.4189,84.8198,-67.2730,23.2746,-67.8239
0.48333,66.6739,-36.7888,-51.2879,56.4120,84.9097,-67.2842,23.3297,-67.7812
0.48750,66.8979,-36.8810,-51.3151,56.4062,84.9942,-67.2917,23.3163,-67.7228
0.49167,66.5586,-37.1492,-51.3553,56.3955,85.0023,-67.3002,23.3639,-67.6738
0.49583,66.7266,-37.1829,-51.4379,56.3756,85.0891,-67.3166,23.3811,-67.6156
0.50000,67.0387,-37.3767,-51.4048,56.3798,85.1451,-67.3251,23.4060,-67.5508
0.50417,66.9831,-37.4594,-51.4063,56.3887,85.1679,-67.3314,23.4012,-67.4685
0.50833,66.9295,-37.5612,-51.4462,56.4193,85.2244,-67.3278,23.4102,-67.4169
0.51250,66.8437,-37.6762,-51.4996,56.4180,85.2758,-67.3355,23.4662,-67.3693
0.51667,66.8274,-37.7631,-51.5104,56.4340,85.3288,-67.3450,23.4571,-67.2903
0.52083,66.8185,-37.8635,-51.5319,56.4433,85.3822,-67.3520,23.4989,-67.2348
0.52500,66.8292,-37.9548,-51.5608,56.4551,85.4257,-67.3612,23.5794,-67.2299
0.52917,66.8282,-38.0535,-51.5659,56.4997,85.4733,-67.3684,23.5019,-67.0822
0.53333,66.8518,-38.1350,-51.5649,56.5179,85.5209,-67.3690,23.5669,-67.0681
0.53750,66.8852,-38.2153,-51.5645,56.6044,85.5659,-67.3735,23.5172,-66.9315
0.54167,66.8603,-38.3338,-51.5780,56.6203,85.5930,-67.3776,23.5849,-66.9163
0.54583,66.9164,-38.3972,-51.5559,56.6651,85.6324,-67.3907,23.5746,-66.8104
0.55000,66.9840,-38.4587,-51.5492,56.6787,85.6760,-67.3873,23.6468,-66.8137
0.55417,67.0673,-38.5331,-51.5203,56.7656,85.7261,-67.4033,23.5927,-66.6623
0.55833,67.1694,-38.5554,-51.5134,56.7843,85.7663,-67.4013,23.6734,-66.6512
0.56250,67.2723,-38.6035,-51.4695,56.8924,85.8083,-67.4143,23.6097,-66.4895
0.56667,67.3818,-38.6307,-51.4336,57.0068,85.8440,-67.4154,23.5686,-66.3537
0.57083,67.5098,-38.6630,-51.3942,57.0207,85.8835,-67.4150,23.6536,-66.3465
0.57500,67.6416,-38.6849,-51.3512,57.1396,85.9210,-67.4266,23.5990,-66.1873
0.57917,68.2762,-38.4517,-51.3098,57.2344,86.0238,-67.4297,23.5657,-66.0748
0.58333,68.3491,-38.4890,-51.2562,57.2682,86.0484,-67.4340,23.6365,-66.0223
0.58750,68.4468,-38.5131,-51.2014,57.3700,86.0749,-67.4382,23.5674,-65.9140
0.59167,68.5724,-38.5482,-51.1456,57.4245,86.1020,-67.4432,23.5920,-65.8480
0.59583,68.7123,-38.5604,-51.0800,57.4440,86.1230,-67.4442,23.6796,-65.8228
0.60000,69.0501,-38.4917,-51.0112,57.5630,86.1797,-67.4507,23.6253,-65.6617
0.60417,69.1915,-38.5076,-50.9406,57.5809,86.1845,-67.4533,23.7182,-65.6371
0.60833,69.6459,-38.3755,-50.8642,57.7021,86.2502,-67.4579,23.6179,-65.4844
0.61250,69.7711,-38.3820,-50.7844,57.7156,86.2514,-67.4581,23.7227,-65.4733
0.61667,69.9211,-38.3913,-50.7055,57.8162,86.2598,-67.4661,23.6736,-65.3093
0.62083,70.3911,-38.2589,-50.6306,57.8308,86.3134,-67.4667,23.7902,-65.2940
0.62500,70.5126,-38.2866,-50.5428,57.9444,86.3291,-67.4714,23.7166,-65.0925
0.62917,70.7878,-38.2278,-50.4602,57.9571,86.3653,-67.4741,23.8440,-65.0821
0.63333,70.9261,-38.2448,-50.3770,58.0500,86.3622,-67.4767,23.7266,-64.9331
0.63750,71.3986,-38.0094,-50.3301,58.0594,86.5705,-67.4789,23.8595,-64.9209
0.64167,71.4955,-38.0371,-50.2427,58.1632,86.5724,-67.4824,23.8092,-64.7199
0.64583,71.6217,-38.0689,-50.1591,58.2291,86.5695,-67.4863,23.7736,-64.6614
0.65000,71.9823,-38.0377,-50.0696,58.2479,86.5687,-67.4868,23.8869,-64.5092
0.65417,72.1088,-38.0516,-49.9654,58.2731,86.5810,-67.4891,23.8973,-64.4205
0.65833,72.2551,-38.0705,-49.8809,58.2992,86.5886,-67.4910,23.9411,-64.3325
0.66250,72.5944,-38.0453,-49.7992,58.3264,86.6394,-67.4937,23.9755,-64.2167
0.66667,72.7282,-38.0639,-49.7145,58.3922,86.6352,-67.4955,24.0640,-64.0669
0.67083,72.9576,-38.0510,-49.6333,58.4240,86.6742,-67.4972,24.0830,-63.9920
0.67500,73.0927,-38.0734,-49.5590,58.4603,86.6884,-67.4992,24.1571,-63.8263
0.67917,73.3501,-38.0659,-49.4889,58.4796,86.7349,-67.5006,24.2125,-63.7212
0.68333,73.4711,-38.0808,-49.4092,58.4060,86.7560,-67.5020,24.1465,-63.7911
0.68750,73.5909,-38.1155,-49.3436,58.5286,86.7951,-67.5036,24.2935,-63.4952
0.69167,73.7017,-38.1403,-49.2849,58.4458,86.8341,-67.5053,24.2420,-63.5063
0.69583,73.8104,-38.1755,-49.2277,58.5420,86.8808,-67.5067,24.3676,-63.2815
0.70000,74.0378,-38.2049,-49.1792,58.5536,86.9321,-67.5080,24.4158,-63.1697
0.70417,74.1227,-38.2424,-49.1141,58.5721,86.9798,-67.5091,24.4552,-63.0561
0.70833,74.1902,-38.2655,-49.0652,58.5607,87.0209,-67.5106,24.4602,-62.9657
0.71250,74.2607,-38.3235,-49.0234,58.5484,87.0843,-67.5116,24.4807,-62.8668
0.71667,74.3048,-38.3555,-48.9870,58.5743,87.1231,-67.5124,24.5205,-62.7064
0.72083,74.3752,-38.4521,-48.9623,58.5642,87.1771,-67.5135,24.5460,-62.6174
0.72500,74.4285,-38.4920,-48.9108,58.4287,87.2161,-67.5148,24.4849,-62.6399
0.72917,74.4423,-38.5810,-48.8900,58.6245,87.2606,-67.5151,24.6024,-62.3427
0.73333,74.4871,-38.6285,-48.8469,58.5831,87.3082,-67.5164,24.5921,-62.2953
0.73750,74.5487,-38.8325,-48.7712,58.5574,87.3084,-67.5169,24.6228,-62.1851
0.74167,74.5741,-38.8528,-48.7355,58.5164,87.3456,-67.5181,24.6273,-62.0993
0.74583,74.5922,-38.8985,-48.7121,58.4826,87.3890,-67.5188,24.6327,-62.0139
0.75000,74.5971,-38.9506,-48.6861,58.5047,87.4254,-67.5192,24.6643,-61.8717
0.75417,74.5985,-39.0069,-48.6629,58.5786,87.4461,-67.5196,24.6827,-61.6853
0.75833,74.6108,-39.0718,-48.6391,58.5564,87.4689,-67.5203,24.6937,-61.6060
0.76250,74.6125,-39.1424,-48.6071,58.5449,87.4809,-67.5208,24.7013,-61.4968
0.76667,74.5998,-39.4379,-48.5188,58.5814,87.3874,-67.5211,24.7115,-61.3592
0.77083,74.6190,-39.4618,-48.5071,58.6333,87.4038,-67.5217,24.7221,-61.1994
0.77500,74.6459,-39.5026,-48.4748,58.6030,87.4361,-67.5217,24.7284,-61.1464
0.77917,74.6703,-39.5515,-48.4584,58.5566,87.4519,-67.5223,24.7222,-61.0861
0.78333,74.6822,-39.6060,-48.4443,58.7671,87.4610,-67.5226,24.7433,-60.8039
0.78750,74.7109,-39.6606,-48.4368,58.7234,87.4703,-67.5231,24.7475,-60.7278
0.79167,74.7187,-39.8511,-48.4270,58.8443,87.4361,-67.5232,24.7525,-60.5406
0.79583,74.7656,-39.8647,-48.3807,58.8352,87.4359,-67.5236,24.7518,-60.4710
0.80000,74.8014,-39.9127,-48.3796,58.8633,87.4474,-67.5239,24.7511,-60.3814
0.80417,74.8391,-39.9787,-48.3796,59.0470,87.4588,-67.5242,24.7601,-60.1326
0.80833,74.8677,-40.0160,-48.3710,59.1846,87.4663,-67.5240,24.7685,-59.9614
0.81250,74.9079,-40.1975,-48.3802,59.2855,87.4400,-67.5243,24.7688,-59.8047
0.81667,74.9658,-40.2055,-48.3443,59.3899,87.4367,-67.5245,24.7711,-59.6397
0.82083,75.0097,-40.2417,-48.3443,59.5491,87.4447,-67.5244,24.7741,-59.4566
0.82500,75.0738,-40.4168,-48.3131,59.6969,87.4153,-67.5245,24.7754,-59.2736
0.82917,75.1236,-40.4205,-48.3132,59.8750,87.4068,-67.5243,24.7789,-59.0869
0.83333,75.1683,-40.4453,-48.3227,59.9466,87.4179,-67.5246,24.7752,-58.9669
0.83750,75.2224,-40.5095,-48.3581,60.1569,87.4278,-67.5243,24.7809,-58.7405
0.84167,75.3195,-40.6697,-48.2964,60.2959,87.3847,-67.5243,24.7754,-58.5748
0.84583,75.3562,-40.6663,-48.3143,60.4499,87.3842,-67.5244,24.7778,-58.3980
0.85000,75.4235,-40.7044,-48.3255,60.7559,87.3924,-67.5241,24.7854,-58.0730
0.85417,75.4938,-40.7680,-48.3554,60.8479,87.4018,-67.5244,24.7788,-57.9402
0.85833,75.5905,-40.8979,-48.3001,60.9941,87.3914,-67.5245,24.7780,-57.7693
0.86250,75.6624,-40.8939,-48.2909,61.3490,87.3497,-67.5239,24.7852,-57.3923
0.86667,75.7215,-40.9941,-48.3459,61.5317,87.3923,-67.5239,24.7865,-57.1894
0.87083,75.8361,-41.0776,-48.2965,61.6394,87.3410,-67.5240,24.7807,-57.0484
0.87500,75.9241,-41.1431,-48.2787,61.7857,87.3156,-67.5240,24.7813,-56.8710
0.87917,76.0011,-41.1958,-48.3018,61.9744,87.3084,-67.5238,24.7788,-56.6643
0.88333,76.0839,-41.2244,-48.2819,62.3431,87.2938,-67.5236,24.7846,-56.2516
0.88750,76.1772,-41.2758,-48.2774,62.4185,87.2826,-67.5240,24.7766,-56.1303
0.89167,76.2801,-41.3132,-48.2686,62.5681,87.2271,-67.5236,24.7786,-55.9517
0.89583,76.3631,-41.3724,-48.2557,62.8481,87.2388,-67.5236,24.7760,-55.6407
0.90000,76.4516,-41.3783,-48.2307,62.9406,87.1914,-67.5241,24.7666,-55.4890
0.90417,76.5384,-41.4098,-48.2162,63.2090,87.1843,-67.5238,24.7707,-55.1582
0.90833,76.6327,-41.5178,-48.2354,63.3323,87.1907,-67.5236,24.7669,-55.0553
0.91250,76.7226,-41.5257,-48.1901,63.5444,87.1394,-67.5240,24.7646,-54.7399
0.91667,76.8249,-41.6203,-48.1863,63.6136,87.1405,-67.5241,24.7547,-54.6479
0.92083,76.9089,-41.6385,-48.1393,63.7949,87.1058,-67.5242,24.7495,-54.3993
0.92500,77.0454,-41.8708,-48.1001,63.9263,87.0567,-67.5247,24.7488,-54.2580
0.92917,77.1248,-41.8970,-48.0445,64.0343,87.0191,-67.5250,24.7320,-54.0160
0.93333,77.1895,-41.9026,-48.0073,64.1828,87.0030,-67.5250,24.7282,-53.8094
0.93750,77.2310,-42.0001,-48.0090,64.2976,87.0200,-67.5248,24.7172,-53.6923
0.94167,77.2885,-42.1071,-47.9665,64.3988,87.0025,-67.5257,24.6993,-53.4410
0.94583,77.3546,-42.1586,-47.9305,64.4979,86.9474,-67.5256,24.6887,-53.2942
0.95000,77.3905,-42.2314,-47.9023,64.5814,86.9467,-67.5260,24.6714,-53.1198
0.95417,77.4179,-42.3467,-47.8751,64.6893,86.9274,-67.5260,24.6513,-52.9423
0.95833,77.4565,-42.3601,-47.8175,64.7353,86.9000,-67.5264,24.6248,-52.8109
0.96250,77.4767,-42.4110,-47.7963,64.8188,86.9085,-67.5267,24.5951,-52.6406
0.96667,77.4585,-42.5953,-47.7843,64.8860,86.9152,-67.5270,24.5603,-52.4917
0.97083,77.4962,-42.6201,-47.7180,64.9721,86.8866,-67.5273,24.5239,-52.3025
0.97500,77.4749,-42.7665,-47.7104,64.8477,86.9009,-67.5277,24.3988,-52.4226
0.97917,77.5072,-42.7917,-47.6573,64.9804,86.8769,-67.5277,24.3403,-52.2087
0.98333,77.5061,-42.8584,-47.6309,65.1129,86.8772,-67.5282,24.3333,-51.8808
0.98750,77.4747,-43.2246,-47.5238,65.0920,86.7579,-67.5289,24.1618,-51.8203
0.99167,77.5132,-43.2175,-47.4834,65.1632,86.7543,-67.5285,24.0702,-51.7242
0.99583,77.4765,-43.3341,-47.5055,65.1939,86.8006,-67.5293,23.8801,-51.5997
1.00000,77.5162,-43.3553,-47.4599,65.1859,86.7514,-67.5294,23.7098,-51.5203
1.00417,77.5356,-43.4062,-47.4491,65.2717,86.7498,-67.5297,23.6301,-51.2899
1.00833,77.5541,-43.4771,-47.4398,65.2267,86.7429,-67.5303,23.3117,-51.3229
1.01250,77.5371,-43.6556,-47.4406,65.3074,86.7444,-67.5303,23.2303,-51.0974
1.01667,77.5815,-43.6995,-47.3930,65.3176,86.6838,-67.5305,22.9428,-51.0194
1.02083,77.6137,-43.8235,-47.3879,65.3492,86.6773,-67.5309,22.6458,-50.8927
1.02500,77.6184,-43.9954,-47.3836,65.3334,86.6569,-67.5313,22.4523,-50.8092
1.02917,77.6477,-44.1740,-47.3614,65.3772,86.5771,-67.5316,22.1595,-50.7006
1.03333,77.6931,-44.2804,-47.3395,65.3950,86.5285,-67.5319,21.8937,-50.6078
1.03750,77.7691,-44.3135,-47.3163,65.3340,86.4808,-67.5321,21.6292,-50.5609
1.04167,77.8208,-44.3692,-47.3391,65.3293,86.4674,-67.5329,21.3174,-50.3907
1.04583,77.8570,-44.5716,-47.3789,65.4076,86.4805,-67.5331,21.0538,-50.2561
1.05000,77.9259,-44.7103,-47.3687,65.3884,86.4187,-67.5331,20.8056,-50.2044
1.05417,77.9951,-44.8135,-47.3753,65.4062,86.3853,-67.5340,20.4854,-50.0053
1.05833,78.0674,-44.9001,-47.3865,65.3539,86.3644,-67.5336,20.2076,-50.0687
1.06250,78.1497,-44.9312,-47.3849,65.3784,86.3058,-67.5341,19.8732,-49.9027
1.06667,78.2248,-45.1146,-47.4219,65.3569,86.3024,-67.5346,19.5622,-49.8267
1.07083,78.3093,-45.1827,-47.4600,65.3103,86.2874,-67.5348,19.2541,-49.7748
1.07500,78.3877,-45.2500,-47.4884,65.2713,86.2848,-67.5353,18.9071,-49.6674
1.07917,78.4719,-45.3328,-47.5211,65.1434,86.2764,-67.5357,18.4468,-49.7589
1.08333,78.5615,-45.3587,-47.5306,65.1397,86.2232,-67.5361,18.1652,-49.6427
1.08750,78.6564,-45.4912,-47.5995,65.1444,86.2427,-67.5368,17.9483,-49.4748
1.09167,78.7424,-45.5165,-47.6141,65.0754,86.2059,-67.5370,17.5458,-49.4602
1.09583,78.8226,-45.5995,-47.7045,64.8939,86.2514,-67.5377,16.9886,-49.5677
1.10000,78.9195,-45.6793,-47.7635,64.9508,86.2456,-67.5378,16.8089,-49.3578
1.10417,79.0079,-45.7224,-47.7836,64.7275,86.1951,-67.5386,16.1715,-49.5248
1.10833,79.0848,-45.7759,-47.8409,64.7433,86.1887,-67.5392,16.0368,-49.3705
1.11250,79.2608,-45.9130,-47.8762,64.5393,86.1589,-67.5396,15.3573,-49.4822
1.11667,79.3201,-45.9734,-47.9462,64.5471,86.1517,-67.5401,15.1639,-49.3026
1.12083,79.4750,-46.0768,-47.9851,64.3201,86.1121,-67.5406,14.4886,-49.4830
1.12500,78.9536,-46.3659,-47.8632,64.1821,85.8736,-67.5412,14.0312,-49.5006
1.12917,79.5427,-46.3032,-48.0608,64.2241,85.9586,-67.5416,14.0598,-49.2359
1.13333,79.6510,-46.4035,-48.1656,64.0318,85.9674,-67.5423,13.4448,-49.3097
1.13750,79.6671,-46.5366,-48.1984,63.7311,85.9008,-67.5428,12.6170,-49.5903
1.14167,79.5083,-46.9065,-48.1436,63.5616,85.7561,-67.5433,12.1176,-49.6322
1.14583,79.8542,-46.7091,-48.3520,63.5929,85.8327,-67.5438,12.0228,-49.3609
1.15000,79.6410,-47.0038,-48.3627,63.7399,85.6975,-67.5441,12.3012,-48.9644
1.15417,79.8444,-47.0326,-48.4479,65.1131,85.6332,-67.5450,16.3158,-49.4057
1.15833,79.9647,-47.1354,-48.5269,64.9351,85.6068,-67.5454,15.6207,-49.5577
1.16250,79.8474,-47.4168,-48.5278,64.9739,85.4664,-67.5460,15.6894,-49.4738
1.16667,82.7909,-45.4999,-46.6021,64.7191,85.3881,-67.5467,14.9613,-49.7348
1.17083,82.8731,-45.5691,-46.6134,64.5733,85.3120,-67.5474,14.2891,-49.8799
1.17500,83.0575,-45.6854,-46.5681,64.6375,85.2133,-67.5476,14.4986,-49.6962
1.17917,83.1334,-45.7383,-46.5840,64.4278,85.1490,-67.5484,13.7251,-49.9430
1.18333,83.2001,-45.8027,-46.6237,64.2272,85.0863,-67.5488,13.1927,-50.0701
1.18750,83.2765,-45.8882,-46.6576,63.9477,85.0189,-67.5496,12.5446,-50.2984
1.19167,83.5375,-45.9707,-46.5652,63.8269,84.9003,-67.5505,11.8876,-50.4067
1.19583,83.6206,-46.0334,-46.6127,63.3798,84.8353,-67.5509,11.1593,-50.7719
1.20000,83.6938,-46.1060,-46.6561,63.7975,84.7854,-67.5507,11.8673,-50.3098
1.20417,83.8923,-46.1588,-46.6079,63.5681,84.6754,-67.5517,11.1586,-50.5253
1.20833,83.9705,-46.2308,-46.6457,63.3839,84.6135,-67.5520,10.7917,-50.6313
1.21250,84.0750,-46.3064,-46.6684,63.2671,84.5484,-67.5515,10.3046,-50.7140
1.21667,84.1879,-46.3746,-46.6826,63.0362,84.4753,-67.5531,9.8861,-50.8335
1.22083,84.2704,-46.4481,-46.7056,62.8600,84.4122,-67.5538,9.4446,-50.9789
1.22500,84.4165,-46.5149,-46.7029,62.4267,84.3271,-67.5543,8.6491,-51.2674
1.22917,84.4863,-46.5921,-46.7480,62.4749,84.2821,-67.5547,8.5866,-51.1809
1.23333,84.5541,-46.6767,-46.7902,62.1681,84.2341,-67.5554,7.9855,-51.3910
1.23750,84.6800,-46.7428,-46.7877,62.0911,84.1658,-67.5560,7.6921,-51.4849
1.24167,84.7877,-46.7992,-46.8271,61.6409,84.1253,-67.5564,6.9167,-51.7287
1.24583,84.8699,-46.8730,-46.8551,61.3541,84.0716,-67.5568,6.3604,-51.9217
1.25000,85.0085,-46.9196,-46.8630,61.1239,84.0106,-67.5575,5.8920,-52.0575
1.25417,85.0819,-46.9969,-46.9082,61.0640,83.9732,-67.5581,5.6701,-52.1358
1.25833,85.1802,-47.0392,-46.9124,60.6404,83.9487,-67.5585,5.0387,-52.3592
1.26250,85.3372,-47.0749,-46.9386,60.0711,83.8831,-67.5591,4.1555,-52.7512
1.26667,85.4080,-47.1547,-46.9700,59.9846,83.8552,-67.5594,3.8661,-52.7982
1.27083,85.5127,-47.2110,-47.0054,59.4760,83.8094,-67.5601,3.1586,-53.0876
1.27500,85.5969,-47.2842,-47.0328,59.3900,83.7702,-67.5601,2.9169,-53.1565
1.27917,85.6918,-47.3452,-47.0641,58.6586,83.7435,-67.5609,1.9475,-53.5650
1.28333,85.7793,-47.4076,-47.0580,58.5343,83.7083,-67.5615,1.6809,-53.6669
1.28750,85.9012,-47.4605,-47.0822,58.3583,83.6830,-67.5620,1.3984,-53.8011
1.29167,86.1376,-47.4182,-47.0585,-8.0726,83.6020,-67.5464,-24.4127,-66.6212
1.29583,86.2006,-47.4792,-47.0854,-8.0619,83.6028,-67.5472,-24.4630,-66.6382
1.30000,86.4196,-47.4414,-47.0688,-8.0059,83.5643,-67.5476,-24.5166,-66.6564
1.30417,86.5054,-47.4975,-47.0943,-7.9104,83.5514,-67.5484,-24.5552,-66.7317
1.30833,86.6516,-47.5247,-47.0849,-7.7902,83.5067,-67.5489,-24.6096,-66.7949
1.31250,86.7905,-47.5493,-47.0771,-7.7891,83.4674,-67.5496,-24.6254,-66.7936
1.31667,86.8513,-47.6230,-47.0899,-7.6597,83.4571,-67.5503,-24.6509,-66.8902
1.32083,86.9841,-47.6675,-47.0769,-7.6172,83.4078,-67.5510,-24.6744,-66.9347
1.32500,87.1707,-47.6627,-47.0437,-7.4719,83.3699,-67.5516,-24.7097,-67.0507
1.32917,87.2603,-47.7118,-47.0764,-7.5093,83.3612,-67.5523,-24.7119,-67.0546
1.33333,87.4062,-47.7403,-47.0364,-7.2780,83.3117,-67.5531,-24.7297,-67.0995
1.33750,87.5124,-47.7886,-47.0459,-7.2222,83.2787,-67.5537,-24.7424,-67.2154
1.34167,87.6546,-47.8162,-47.0032,-7.1234,83.2448,-67.5543,-24.7556,-67.2823
1.34583,87.7262,-47.8805,-46.9857,-6.9145,83.2160,-67.5550,-24.7767,-67.3335
1.35000,87.8063,-47.9418,-46.9890,-6.9053,83.1637,-67.5556,-24.7782,-67.4254
1.35417,87.9003,-47.9896,-46.9213,-6.8098,83.1339,-67.5563,-24.7871,-67.5161
1.35833,88.3607,-47.8878,-46.8177,-6.5155,83.0569,-67.5566,-24.8013,-67.6516
1.36250,88.4276,-47.9424,-46.8224,-6.4614,83.0431,-67.5578,-24.8016,-67.6898
1.36667,88.5486,-47.9848,-46.7537,-6.4399,82.9815,-67.5583,-24.8108,-67.7653
1.37083,88.7199,-48.0284,-46.6833,-6.3499,82.9248,-67.5589,-24.8164,-67.8551
1.37500,89.2042,-47.9654,-46.5484,-6.1540,82.8612,-67.5597,-24.8215,-67.9358
1.37917,89.2263,-48.0223,-46.5287,-6.1310,82.7933,-67.5601,-24.8276,-68.0332
1.38333,89.2762,-48.1242,-46.5932,-6.0404,82.7647,-67.5609,-24.8323,-68.1299
1.38750,89.2589,-48.2312,-46.6460,-5.8536,82.7380,-67.5614,-24.8352,-68.2169
1.39167,89.4037,-48.1226,-46.6485,-5.8161,82.6490,-67.5620,-24.8397,-68.2996
1.39583,89.3826,-48.2593,-46.6664,-5.7329,82.5900,-67.5628,-24.8437,-68.3817
1.40000,89.3628,-48.3958,-46.7479,-5.6534,82.5721,-67.5634,-24.8475,-68.4779
1.40417,89.3528,-48.4887,-46.7410,-5.5838,82.4858,-67.5640,-24.8499,-68.5720
1.40833,89.3192,-48.5711,-46.7748,-5.5290,82.4483,-67.5648,-24.8528,-68.6559
1.41250,89.3093,-48.6820,-46.8456,-5.4761,82.4022,-67.5652,-24.8554,-68.7385
1.41667,89.2767,-48.7735,-46.8124,-5.4299,82.3154,-67.5657,-24.8568,-68.8092
1.42083,89.2573,-48.8534,-46.8454,-5.3815,82.2673,-67.5665,-24.8591,-68.8797
1.42500,89.2387,-48.9845,-46.9390,-5.3386,82.2590,-67.5670,-24.8615,-68.9549
1.42917,89.2090,-49.0611,-46.8662,-5.2988,82.1469,-67.5676,-24.8630,-69.0177
1.43333,89.2124,-49.1937,-46.9786,-5.2714,82.1688,-67.5682,-24.8660,-69.0800
1.43750,89.1535,-49.3222,-46.8942,-5.2274,82.0218,-67.5687,-24.8716,-69.2323
1.44167,89.1126,-49.4335,-46.9494,-5.2179,82.0585,-67.5694,-24.8676,-69.1892
1.44583,89.1058,-49.5651,-47.0200,-5.1915,82.0460,-67.5700,-24.8690,-69.2328
1.45000,89.0163,-49.7320,-46.9505,-5.1647,81.9625,-67.5705,-24.8702,-69.2835
1.45417,88.9956,-49.8481,-46.9631,-5.1382,81.8917,-67.5710,-24.8708,-69.3344
1.45833,88.9520,-49.9744,-47.0360,-5.1098,81.9384,-67.5717,-24.8724,-69.3713
1.46250,88.8893,-50.1337,-46.9565,-5.0834,81.8230,-67.5722,-24.8723,-69.4028
1.46667,88.8402,-50.2578,-46.9824,-5.0562,81.8225,-67.5728,-24.8730,-69.4338
1.47083,88.7993,-50.4002,-46.9503,-5.0260,81.7544,-67.5731,-24.8746,-69.4779
1.47500,88.9072,-50.3231,-46.9861,-5.0028,81.7310,-67.5738,-24.8735,-69.4920
1.47917,88.7972,-50.5718,-46.9487,-4.9716,81.6574,-67.5744,-24.8741,-69.5172
1.48333,88.7496,-50.6926,-47.0125,-4.9417,81.6579,-67.5750,-24.8747,-69.5389
1.48750,88.5884,-50.9644,-46.9595,-4.9145,81.6117,-67.5755,-24.8747,-69.5610
1.49167,88.5115,-51.1433,-46.8838,-4.8815,81.4899,-67.5761,-24.8747,-69.5767
1.49583,88.4686,-51.2587,-46.8309,-4.8483,81.3821,-67.5766,-24.8752,-69.5923
1.50000,88.5163,-51.2736,-46.8305,-4.7615,81.3240,-67.5773,-24.8742,-69.6147
1.50417,88.4367,-51.3874,-46.8630,-4.7543,81.3187,-67.5778,-24.8751,-69.6332
1.50833,88.2912,-51.6606,-46.7243,-2.7556,81.1327,-67.5783,-24.8739,-69.6475
1.51250,88.2782,-51.7418,-46.6814,-4.6840,81.0387,-67.5788,-24.8719,-69.6569
1.51667,88.1734,-51.8857,-46.6645,-4.3354,80.9654,-67.5792,-24.8684,-69.6837
1.52083,88.0665,-52.0241,-46.6621,-3.8851,80.9344,-67.5799,-24.8603,-69.7035
1.52500,87.9444,-52.1790,-46.6063,-3.2445,80.8336,-67.5804,-24.8472,-69.7264
1.52917,87.9921,-52.2055,-46.5053,-2.5779,80.6545,-67.5809,-24.8287,-69.7452
1.53333,87.9059,-52.2613,-46.5088,-1.2273,80.5920,-67.5814,-24.8042,-69.7578
1.53750,87.7130,-52.5126,-46.3663,0.9567,80.3682,-67.5820,-24.7677,-69.7578
1.54167,87.8053,-52.5056,-46.3287,3.2419,80.2322,-67.5825,-24.7117,-69.7781
1.54583,87.6632,-52.5540,-46.2957,7.1378,80.0883,-67.5830,-24.5973,-69.7791
1.55000,87.4816,-52.6409,-46.2110,12.6800,79.9894,-67.5836,-24.2588,-69.7619
1.55417,87.5211,-52.7136,-46.1390,16.5919,79.9009,-67.5841,-23.5924,-69.7381
1.55833,87.3745,-52.8151,-46.0676,19.4914,79.7280,-67.5846,-23.0181,-69.7161
1.56250,87.3599,-52.7630,-46.0156,21.4110,79.5612,-67.5849,-22.6945,-69.7086
1.56667,87.3076,-52.8286,-45.9455,22.1247,79.5328,-67.5851,-22.4874,-69.7135
1.57083,87.0389,-52.9836,-45.8524,23.1840,79.2868,-67.5855,-22.2999,-69.7288
1.57500,86.8968,-52.8600,-45.8630,25.4221,79.2242,-67.5859,-21.9051,-69.7191
1.57917,86.7652,-53.0021,-45.7064,26.2323,78.9871,-67.5862,-21.6565,-69.7173
1.58333,86.4856,-53.0445,-45.6451,27.7624,78.7466,-67.5865,-21.2923,-69.7154
1.58750,86.3228,-53.0396,-45.6160,28.5055,78.6122,-67.5868,-21.0162,-69.7275
1.59167,86.1508,-53.0284,-45.5076,29.6312,78.4189,-67.5871,-20.6248,-69.7286
1.59583,85.9477,-53.0699,-45.4335,30.6341,78.2410,-67.5874,-20.2338,-69.7333
1.60000,85.7036,-53.1593,-45.3386,31.6077,78.0568,-67.5877,-19.8434,-69.7412
1.60417,85.4446,-53.1207,-45.2824,32.4454,77.8677,-67.5879,-19.4637,-69.7460
1.60833,85.2755,-53.1515,-45.2137,33.3286,77.7231,-67.5881,-19.0875,-69.7543
1.61250,85.0486,-53.1073,-45.1098,34.2278,77.5254,-67.5886,-18.5668,-69.7665
1.61667,84.6219,-53.1653,-45.0766,35.0673,77.3003,-67.5889,-18.1159,-69.7766
1.62083,84.3649,-53.1763,-44.9696,35.8509,77.0890,-67.5892,-17.6394,-69.7843
1.62500,84.1777,-53.1382,-44.9186,36.7553,76.8927,-67.5895,-17.2221,-69.7899
1.62917,83.4761,-53.3597,-44.8675,37.4035,76.6270,-67.5896,-16.7667,-69.8046
1.63333,83.3154,-53.3104,-44.7758,38.1918,76.4618,-67.5900,-16.2227,-69.8045
1.63750,82.7139,-53.4874,-44.6676,38.8963,76.1267,-67.5904,-15.7505,-69.8115
1.64167,81.9726,-53.8260,-44.5716,39.6630,75.8066,-67.5905,-15.2888,-69.8120
1.64583,81.7899,-53.7813,-44.4831,40.3552,75.6178,-67.5909,-14.7309,-69.8163
1.65000,81.1328,-53.9282,-44.3618,41.0307,75.2802,-67.5911,-14.2760,-69.8189
1.65417,80.3272,-54.2326,-44.3054,41.7250,74.9603,-67.5915,-13.7941,-69.8215
1.65833,79.7864,-54.3903,-44.1670,42.4979,74.6370,-67.5916,-13.3846,-69.8192
1.66250,79.0710,-54.6143,-44.0642,43.1003,74.3039,-67.5919,-12.8574,-69.8179
1.66667,78.7974,-54.5810,-43.9793,43.7615,74.1551,-67.5922,-12.3489,-69.8180
1.67083,77.2638,-55.3773,-43.7872,44.4327,73.5149,-67.5925,-11.8814,-69.8140
1.67500,76.8248,-55.4008,-43.6375,45.1866,73.1772,-67.5926,-11.4857,-69.8132
1.67917,76.0774,-55.6052,-43.5374,45.8234,72.8040,-67.5930,-10.9677,-69.8047
1.68333,74.8349,-56.1474,-43.4117,46.4958,72.3840,-67.5933,-10.5099,-69.7963
1.68750,73.8852,-56.4998,-43.2615,47.1745,71.9411,-67.5935,-10.0754,-69.7886
1.69167,73.3305,-56.5905,-43.0810,47.9045,71.5171,-67.5938,-9.6474,-69.7750
1.69583,72.1904,-56.9895,-42.9989,48.6044,71.1344,-67.5940,-9.2077,-69.7591
1.70000,70.9410,-57.5376,-42.7667,49.3710,70.5627,-67.5942,-8.7335,-69.7379
1.70417,70.3659,-57.6111,-42.5778,50.3659,70.1125,-67.5943,-8.0733,-69.7265
1.70833,69.0115,-58.1120,-42.4767,51.2411,69.6703,-67.5945,-7.0953,-69.6875
1.71250,67.7809,-58.5976,-42.2411,52.1630,69.1088,-67.5944,-6.0789,-69.6530
1.71667,66.7057,-58.9305,-42.0679,53.0883,68.6034,-67.5944,-5.0240,-69.6138
1.72083,66.0684,-59.0084,-41.8334,53.9615,68.0786,-67.5944,-3.9313,-69.5568
1.72500,64.8974,-59.3636,-41.7068,54.7771,67.6275,-67.5944,-2.8169,-69.4826
1.72917,63.3725,-59.9429,-41.5130,55.5188,67.0697,-67.5943,-1.6791,-69.3850
1.73333,62.6889,-60.0495,-41.2509,56.2469,66.4596,-67.5943,-0.5319,-69.2557
1.73750,60.7019,-60.8811,-40.9824,56.8777,65.8729,-67.5942,0.6436,-69.0967
1.74167,59.9721,-60.9415,-40.7584,57.4218,65.3179,-67.5941,1.8526,-68.9339
1.74583,58.2810,-61.5308,-40.5509,57.9970,64.7357,-67.5939,3.0978,-68.6446
1.75000,56.9427,-61.9227,-40.2760,58.4697,64.1273,-67.5938,4.3700,-68.3407
1.75417,55.6007,-62.3119,-40.0004,58.9206,63.5191,-67.5936,5.6467,-67.9601
1.75833,54.7204,-62.4247,-39.6951,59.2664,62.8615,-67.5933,6.9679,-67.5879
1.76250,52.7365,-63.1429,-39.3540,59.4186,62.1597,-67.5930,8.3183,-67.3240
1.76667,51.2379,-63.5744,-39.0186,59.7364,61.4946,-67.5928,9.7368,-66.7809
1.77083,49.7690,-63.9527,-38.6648,59.8074,60.7777,-67.5922,11.2266,-66.4447
1.77500,48.4700,-64.2000,-38.3735,60.0220,60.1459,-67.5919,12.8118,-65.9540
1.77917,46.7972,-64.6615,-37.9452,60.0655,59.3393,-67.5914,14.5302,-65.5935
1.78333,45.1690,-65.0747,-37.5076,60.0213,58.5222,-67.5907,16.3148,-65.1790
1.78750,43.9405,-65.2641,-37.1038,59.9285,57.7442,-67.5900,18.2614,-64.8009
1.79167,42.6090,-65.4993,-36.6427,59.6821,56.9277,-67.5891,20.2061,-64.3002
1.79583,36.9300,-65.8051,-37.4549,59.4775,56.6389,-67.5881,22.0388,-63.7370
1.80000,34.6179,-66.5406,-37.0908,59.2383,55.7339,-67.5874,23.7264,-63.2332
1.80417,29.8289,-69.8131,-36.8721,59.3026,54.5359,-67.5871,24.4558,-62.6941
1.80833,28.1877,-69.8524,-36.0308,59.5809,53.5712,-67.5869,24.6671,-62.1502
1.81250,27.1467,-69.6186,-35.7063,59.8956,52.6155,-67.5868,24.7597,-61.6633
1.81667,25.4717,-69.3249,-35.0265,60.1985,51.5572,-67.5869,24.8016,-61.2743
1.82083,23.0579,-68.4387,-34.4005,60.5796,50.7068,-67.5864,24.8267,-60.7882
1.82500,21.7085,-68.2790,-33.7135,60.9728,49.5341,-67.5864,24.8433,-60.4458
1.82917,19.7266,-67.8595,-32.9776,61.3759,48.4718,-67.5863,24.8416,-60.4175
1.83333,17.5581,-66.8175,-32.4949,61.7868,47.6985,-67.5858,24.8206,-60.5871
1.83750,15.8686,-66.6368,-31.8004,62.2027,46.5052,-67.5856,24.8004,-60.8635
1.84167,13.4500,-66.0914,-31.0780,62.6391,45.4036,-67.5850,24.7529,-61.0904
1.84583,11.3556,-65.5283,-30.4941,63.1147,44.3522,-67.5846,24.6954,-61.3164
1.85000,8.9254,-64.8650,-29.8452,63.5924,43.3277,-67.5842,24.6070,-61.5352
1.85417,6.4823,-64.1261,-29.2694,64.1149,42.3271,-67.5837,24.4538,-61.7582
1.85833,3.9638,-63.3807,-28.7125,64.5828,41.2883,-67.5836,24.2635,-62.0372
1.86250,1.3678,-62.7377,-28.1028,65.2267,40.1785,-67.5827,23.7705,-62.1619
1.86667,-0.7162,-62.3259,-27.6618,65.7271,39.1147,-67.5825,23.3384,-62.3798
1.87083,-3.2972,-61.6438,-27.1738,66.3432,38.1649,-67.5829,22.6920,-62.6474
1.87500,-6.6554,-60.7601,-26.5116,66.8668,36.9715,-67.5842,22.0652,-63.1162
1.87917,-7.8974,-60.2696,-26.6158,67.3521,36.0707,-67.5859,21.4941,-63.7569
1.88333,-11.8634,-59.4383,-25.7726,67.7771,35.0399,-67.5878,20.7780,-64.2538
1.88750,-14.2331,-58.8325,-25.5554,68.2796,34.1810,-67.5897,20.1499,-64.9100
1.89167,-16.4760,-58.3722,-25.4648,68.7357,33.3785,-67.5916,19.4736,-65.5297
1.89583,-18.6000,-57.9634,-25.4678,69.1013,32.6050,-67.5935,18.6877,-66.1687
1.90000,-22.1504,-57.6026,-24.9746,69.5067,31.1813,-67.5954,17.9060,-66.8135
1.90417,-24.6443,-57.3282,-24.9466,69.9270,30.2491,-67.5971,17.1701,-67.4550
1.90833,-27.0269,-57.1044,-25.0291,70.3063,29.3846,-67.5987,16.4956,-68.0823
1.91250,-28.9914,-56.9438,-25.3010,70.6546,28.7286,-67.6003,15.7728,-68.6406
1.91667,-30.4117,-56.8929,-25.9106,71.0082,28.2181,-67.6017,15.0983,-69.1121
1.92083,-33.1677,-56.7331,-25.8533,71.2074,27.2910,-67.6032,14.4372,-69.4024
1.92500,-35.5198,-56.6626,-26.1939,71.4297,26.5358,-67.6045,13.8399,-69.5957
1.92917,-37.9606,-56.6415,-26.6078,71.5781,25.8116,-67.6057,13.4146,-69.6975
1.93333,-39.8819,-56.6310,-27.1795,71.6798,25.2482,-67.6069,12.9711,-69.7615
1.93750,-42.1927,-56.6976,-27.7209,71.7976,24.6084,-67.6080,12.5262,-69.8061
1.94167,-44.1339,-56.7596,-28.3292,71.8442,24.0536,-67.6090,12.0478,-69.8377
1.94583,-46.1285,-56.9343,-29.0302,71.8802,23.5904,-67.6100,11.6023,-69.8608
1.95000,-48.7716,-56.9865,-29.6610,71.7647,22.8690,-67.6109,11.6892,-69.8719
1.95417,-49.5512,-57.4042,-30.6711,71.7487,22.7231,-67.6118,11.0890,-69.8876
1.95833,-51.8925,-57.6447,-31.3718,71.5026,22.2162,-67.6126,11.4438,-69.8932
1.96250,-54.4237,-57.7867,-32.1282,71.2868,21.5626,-67.6133,11.4374,-69.9007
1.96667,-56.0077,-58.2632,-33.0572,70.9869,21.3208,-67.6140,11.5455,-69.9057
1.97083,-57.7552,-58.6109,-33.9602,70.6348,20.8792,-67.6146,11.7969,-69.9093
1.97500,-59.6871,-59.0720,-34.8950,70.1636,20.5023,-67.6152,12.1728,-69.9118
1.97917,-61.1572,-59.6935,-35.9973,69.5998,20.3169,-67.6158,12.7805,-69.9126
1.98333,-64.0043,-59.9317,-36.8406,68.8841,19.5730,-67.6163,13.5619,-69.9122
1.98750,-65.7995,-60.5255,-37.8761,67.9430,19.2514,-67.6167,14.8590,-69.9077
1.99167,-67.5135,-61.1645,-38.9319,66.7298,18.9333,-67.6170,16.6575,-69.8995
1.99583,-68.4041,-62.0374,-40.1429,64.9829,18.8405,-67.6172,19.2603,-69.8805
2.00000,-72.0125,-62.3074,-41.0580,62.7432,18.0222,-67.6171,22.6767,-69.8409
2.00417,-72.9092,-63.2265,-42.3267,61.2296,17.8747,-67.6173,24.3512,-69.8009
2.00833,-75.4458,-63.9223,-43.3625,60.3500,17.4476,-67.6176,24.6530,-69.7923
2.01250,-76.4119,-64.9161,-44.6756,59.6119,17.2903,-67.6180,24.7680,-69.7905
2.01667,-77.8913,-66.0708,-45.8966,58.8282,17.1462,-67.6183,24.8271,-69.7831
2.02083,-82.3039,-66.3698,-46.9257,58.0274,15.9925,-67.6186,24.8628,-69.7761
2.02500,-83.4924,-67.6159,-48.2288,57.3855,15.8167,-67.6189,24.8851,-69.7737
2.02917,-86.2181,-68.9807,-49.4736,56.6674,14.9755,-67.6192,24.9016,-69.7661
2.03333,-87.7585,-70.6399,-50.7814,55.9772,14.4803,-67.6195,24.9140,-69.7606
2.03750,-89.2488,-72.7361,-52.0922,55.2326,13.7861,-67.6197,24.9233,-69.7462
2.04167,-90.6427,-75.1548,-53.4844,54.3950,13.0383,-67.6199,24.9314,-69.7257
2.04583,-91.9148,-76.5407,-54.8833,53.7488,12.7325,-67.6201,24.9372,-69.7123
2.05000,-93.0604,-79.2432,-56.2274,53.0203,11.8121,-67.6204,24.9424,-69.6907
2.05417,-94.2437,-80.8463,-57.5078,52.2793,11.5337,-67.6206,24.9468,-69.6583
2.05833,-95.4616,-82.9524,-59.0347,51.5510,10.7534,-67.6208,24.9504,-69.6281
2.06250,-96.5237,-84.3838,-60.3845,50.8082,10.4521,-67.6210,24.9535,-69.5893
2.06667,-97.1304,-86.2451,-61.8352,50.0764,9.8951,-67.6211,24.9564,-69.5366
2.07083,-98.6825,-87.2695,-63.3007,49.3220,9.3216,-67.6213,24.9589,-69.4790
2.07500,-99.5785,-88.0166,-64.8000,48.5355,8.8598,-67.6215,24.9611,-69.3844
2.07917,-100.5335,-88.5153,-66.3226,47.7521,8.1957,-67.6216,24.9630,-69.2919
2.08333,-103.0962,-88.7907,-67.9402,46.9687,7.3314,-67.6218,24.9648,-69.1964
2.08750,-103.6480,-88.9526,-69.5148,45.4834,6.7707,-67.6218,24.9675,-69.0355
2.09167,-103.4716,-89.0751,-71.0901,44.8111,6.1418,-67.6220,24.9688,-68.8963
2.09583,-103.5195,-89.1273,-72.5991,44.1460,5.7114,-67.6221,24.9699,-68.7479
2.10000,-102.7506,-89.1178,-74.1484,43.4593,5.3030,-67.6223,24.9711,-68.5769
2.10417,-101.7936,-89.0958,-75.6132,42.6705,5.0127,-67.6224,24.9721,-68.3798
2.10833,-100.0670,-89.0221,-77.0219,42.1744,4.8331,-67.6226,24.9726,-68.2043
2.11250,-99.2950,-88.9287,-78.3898,41.5590,4.7290,-67.6227,24.9733,-68.0087
2.11667,-97.9804,-88.7764,-79.6876,40.9710,4.7325,-67.6228,24.9738,-67.8053
2.12083,-97.0328,-88.6214,-80.9565,40.3449,4.7534,-67.6230,24.9743,-67.6012
2.12500,-95.3084,-88.2981,-82.1884,39.9151,4.8161,-67.6231,24.9747,-67.3751
2.12917,-94.0441,-87.9857,-83.3537,39.3641,4.9276,-67.6232,24.9748,-67.1523
2.13333,-93.0712,-87.5177,-84.4847,38.9831,5.0912,-67.6233,24.9750,-66.9434
2.13750,-91.6950,-86.7820,-85.5777,38.3701,5.2528,-67.6233,24.9749,-66.7273
2.14167,-89.2556,-85.3442,-86.6685,38.1761,5.4019,-67.6234,24.9748,-66.5141
2.14583,-87.0961,-83.4721,-87.6928,37.7937,5.5959,-67.6234,24.9744,-66.2916
2.15000,-84.5865,-81.2232,-88.6701,37.4772,5.8434,-67.6234,24.9739,-66.0930
2.15417,24.2475,24.1879,-94.4311,37.4527,9.6106,-67.6234,24.9732,-65.9213
2.15833,14.5217,13.7136,-94.1061,37.0113,9.7830,-67.6234,24.9724,-65.7180
2.16250,13.8926,12.3476,-93.8910,37.1541,10.0031,-67.6234,24.9711,-65.5647
2.16667,-6.3305,-8.1327,-93.9018,36.9950,10.1627,-67.6233,24.9700,-65.3550
2.17083,-6.4474,-8.8039,-94.2068,37.1434,10.7748,-67.6233,24.9682,-65.2312
2.17500,-11.8227,-15.2078,-94.4000,37.0719,11.1938,-67.6232,24.9662,-65.0495
2.17917,-31.3395,-34.7670,-94.3427,37.2928,10.9365,-67.6230,24.9633,-64.9359
2.18333,-31.3206,-35.5615,-94.6919,37.4811,11.6297,-67.6229,24.9597,-64.8196
2.18750,-31.2716,-35.9145,-95.0404,37.7471,12.4838,-67.6227,24.9554,-64.3334
2.19167,-46.4974,-51.8380,-94.9535,38.1684,12.0772,-67.6225,24.9487,-63.7765
2.19583,-46.7802,-53.1207,-95.1864,38.5683,12.7661,-67.6222,24.9399,-63.4191
2.20000,-46.9558,-54.5883,-95.3605,38.9566,13.4816,-67.6219,24.9272,-63.1198
2.20417,-47.2798,-56.1562,-95.4783,39.3409,14.2496,-67.6216,24.9077,-62.8219
2.20833,-51.9604,-61.9906,-95.5166,39.6075,14.7171,-67.6211,24.8723,-62.5689
2.21250,-52.3560,-63.7305,-95.5431,40.0091,15.4781,-67.6206,24.8018,-62.3381
2.21667,-51.8773,-64.8654,-95.5570,40.3774,16.4598,-67.6200,24.5794,-62.1893
2.22083,-57.1416,-71.6685,-95.4459,41.3145,16.8894,-67.6195,23.0488,-62.3682
2.22500,-56.3896,-72.6775,-95.3532,42.7575,18.0075,-67.6191,19.8516,-62.9168
2.22917,-55.4752,-73.8992,-95.2421,43.7710,19.2387,-67.6185,17.3475,-63.2214
2.23333,-55.2727,-75.6704,-95.1276,44.3263,20.1344,-67.6175,15.8109,-63.3485
2.23750,-55.3509,-78.0633,-95.0128,44.5985,21.3679,-67.6163,14.8701,-63.3472
2.24167,-54.2563,-79.3827,-94.7933,44.7387,22.8546,-67.6148,14.3362,-63.3060
2.24583,-53.0250,-80.6175,-94.6344,44.7158,24.3073,-67.6129,14.1197,-63.2667
2.25000,-51.9824,-81.6207,-94.3980,44.6807,25.9600,-67.6106,14.1618,-63.2673
2.25417,-51.2146,-82.4032,-93.8135,44.6236,27.5326,-67.6076,14.3444,-63.3152
2.25833,-47.9057,-83.2018,-94.3332,44.5967,29.3574,-67.6038,14.7317,-63.3251
2.26250,-46.7940,-83.9774,-94.0563,44.6191,31.1951,-67.5988,15.3185,-63.2795
2.26667,-45.7696,-84.7689,-93.6785,44.6873,32.8701,-67.5921,16.0573,-63.2343
2.27083,-42.1769,-84.2137,-94.3200,44.7549,34.7915,-67.5831,16.8947,-63.4858
2.27500,-40.1108,-83.8360,-94.2909,44.9204,36.5619,-67.5729,17.8851,-63.7239
2.27917,-38.9140,-84.7675,-94.5763,45.1950,38.3434,-67.5700,18.8012,-63.6774
2.28333,-37.6301,-85.4206,-94.8796,45.5063,39.9961,-67.5688,19.5078,-63.4328
2.28750,-36.2942,-85.8952,-95.1966,45.9464,41.5925,-67.5679,20.2760,-63.1831
2.29167,-34.8463,-86.2222,-95.5713,46.3651,43.1130,-67.5670,21.0420,-62.8706
2.29583,-33.7736,-86.5849,-95.8780,46.9201,44.4592,-67.5663,21.7277,-62.5095
2.30000,-32.0428,-86.7294,-96.3288,47.5191,45.8109,-67.5656,22.3887,-62.0890
2.30417,-30.9616,-86.7877,-96.7987,48.2577,47.0579,-67.5648,23.0247,-61.6082
2.30833,77.2296,-3.0755,-73.6753,48.9641,36.3193,-67.5643,23.4814,-61.1121
2.31250,80.9942,6.4512,-71.9850,49.8395,38.6985,-67.5637,23.8554,-60.5737
2.31667,80.2696,6.2878,-71.3372,50.7715,40.0465,-67.5633,24.1158,-60.0111
2.32083,79.6026,5.7719,-71.5833,51.8365,41.4166,-67.5624,24.2728,-59.4222
2.32500,78.3110,4.3007,-72.1775,52.8944,42.6389,-67.5617,24.3543,-58.8505
2.32917,76.4637,2.6673,-73.0753,54.1334,43.9279,-67.5607,24.3978,-58.2907
2.33333,73.6433,0.2667,-74.0911,55.4148,45.1707,-67.5594,24.4276,-57.7413
2.33750,69.6033,-3.4598,-75.1172,56.7169,46.1946,-67.5580,24.3572,-57.2124
2.34167,66.1976,-6.2979,-76.2638,58.1397,47.6370,-67.5561,24.2553,-56.7427
2.34583,59.7859,-12.3025,-77.1286,59.5603,48.6530,-67.5537,23.9977,-56.2826
2.35000,54.5048,-17.3307,-77.9055,60.9675,50.0520,-67.5509,23.5752,-55.8999
2.35417,45.6817,-26.0482,-78.1540,62.2972,50.9737,-67.5482,22.9177,-55.5824
2.35833,39.6942,-32.5688,-78.2097,63.6191,52.2982,-67.5447,22.0586,-55.4190
2.36250,32.5922,-40.0657,-77.8900,65.3009,53.5167,-67.5402,21.4292,-55.1628
2.36667,27.2778,-46.0898,-77.3847,65.4020,54.8865,-67.5360,19.3108,-55.2890
2.37083,23.8297,-50.9716,-76.6807,66.2939,56.3408,-67.5304,17.8386,-55.4938
2.37500,24.0523,-52.8938,-75.9367,66.7845,58.0191,-67.5239,16.0538,-55.7539
2.37917,20.9723,-59.2515,-74.5146,67.3265,59.4129,-67.5156,14.3459,-56.2020
2.38333,18.9132,-65.1721,-72.9329,67.7698,61.3039,-67.5050,12.5356,-56.7387
2.38750,65.0913,-31.8826,-81.7741,68.3187,67.0242,-67.4904,10.8279,-57.4042
2.39167,65.5540,-33.1936,-81.5342,69.0334,69.1638,-67.4706,9.2837,-58.1464
2.39583,48.8868,-49.8252,-80.5862,69.7798,70.5149,-67.4413,7.7039,-59.0160
2.40000,47.6115,-53.1414,-79.6173,70.8019,72.3577,-67.3962,6.3485,-59.9149
2.40417,38.1942,-62.1398,-78.4655,71.9730,74.1526,-67.3249,5.1293,-60.7819
2.40833,35.5119,-65.8213,-77.2910,73.2063,76.1067,-67.1823,4.0053,-61.6131
2.41250,35.4564,-67.5077,-76.0369,74.8117,78.0430,-66.8383,3.1536,-62.4464
2.41667,32.4603,-70.8923,-74.9802,76.5298,80.2610,-65.5476,2.4081,-63.1370
2.42083,31.5606,-72.7330,-73.8721,78.3385,82.5416,-61.2503,1.5226,-63.3120
2.42500,31.2496,-74.0268,-72.9357,80.3781,84.6991,-56.6532,0.9017,-63.4995
2.42917,31.5018,-74.9023,-72.1275,82.2598,86.8424,-51.5502,0.2852,-63.5183
2.43333,31.7083,-75.7422,-71.4643,84.1165,88.9716,-45.6654,-0.3276,-63.2704
2.43750,32.0830,-76.4217,-71.0093,86.0734,91.0912,-41.6223,-0.3591,-63.3502
2.44167,32.5191,-77.0494,-70.5495,87.8595,93.0073,-37.5304,-0.3456,-63.2820
2.44583,32.6061,-77.7311,-69.9756,89.6359,94.7184,-34.1848,-0.0952,-63.1406
2.45000,32.9193,-78.1107,-69.2843,91.2021,96.1683,-33.1440,0.3206,-63.1256
2.45417,33.3329,-78.1859,-68.7040,92.6262,97.4048,-32.9172,0.6019,-62.8866
2.45833,33.9075,-78.0376,-68.4670,93.8095,98.5316,-32.3410,0.5968,-62.5142
2.46250,34.3186,-78.0342,-68.1516,94.7139,99.5551,-30.8485,0.2857,-62.1299
2.46667,34.1805,-78.2602,-67.8347,95.3759,100.4243,-28.3580,-0.2458,-61.7630
2.47083,34.3907,-78.2677,-67.4232,95.6304,100.9400,-23.5217,-0.8126,-61.6415
2.47500,34.3283,-78.1137,-67.1589,96.0897,101.4700,-21.4285,-1.6102,-61.2462
2.47917,34.2541,-77.8579,-66.7807,96.0947,101.6272,-16.9781,-2.4131,-61.1412
2.48333,34.1804,-77.4288,-66.4162,95.8032,101.5802,-11.8651,-3.0567,-61.2807
2.48750,34.2844,-76.6420,-66.0017,95.4312,101.3772,-5.2363,-3.8871,-61.1776
2.49167,34.3371,-75.6622,-65.6126,94.7476,101.0001,2.3680,-4.4371,-61.1814
2.49583,34.3425,-74.5789,-65.2065,93.9133,100.4050,10.0259,-4.8149,-61.1381
2.50000,34.4659,-73.3821,-64.7486,92.8352,99.6633,17.5904,-4.8947,-61.0817
2.50417,34.4185,-72.2032,-64.2815,91.6899,98.7607,24.4703,-4.7948,-60.9309
2.50833,34.9532,-69.9703,-64.1647,90.7832,98.0790,29.0276,-4.7231,-60.6117
2.51250,34.8595,-68.6666,-63.7201,89.7739,96.9738,34.2257,-5.1356,-61.0234
2.51667,35.7439,-65.9878,-63.7168,89.2008,96.2804,37.6303,-4.8981,-61.3522
2.52083,36.1850,-63.9070,-63.5084,87.9701,95.3063,46.0902,-4.4208,-61.0895
2.52500,36.7006,-61.7756,-63.3579,86.8341,94.3849,53.2894,-3.5732,-60.9815
2.52917,37.2508,-59.5677,-63.3389,85.8249,93.5039,59.7354,-2.6722,-60.8790
2.53333,37.6326,-57.6201,-63.1913,85.0966,92.5567,64.1333,-1.7046,-60.7451
2.53750,33.1312,-65.1340,-59.5320,84.6416,92.4502,65.8351,-0.7242,-60.5946
2.54167,33.0356,-63.9956,-59.5193,84.2779,91.3667,66.3944,0.1897,-60.3865
2.54583,33.2060,-62.5138,-59.6403,83.9696,90.6621,66.6191,0.9945,-60.1110
2.55000,33.1411,-61.2661,-59.8811,83.2231,89.8363,66.6498,1.6137,-60.0704
2.55417,33.1399,-60.1065,-60.1531,82.7713,88.8137,66.5092,1.9664,-59.8330
2.55833,33.0015,-58.8469,-60.6363,82.3931,88.2188,66.1494,2.0501,-59.5772
2.56250,32.7783,-57.9419,-61.0240,82.2780,87.3666,65.6807,1.9711,-59.2437
2.56667,32.4656,-56.9537,-61.5955,81.6212,86.6187,63.9357,1.5641,-59.3295
2.57083,32.2803,-56.1850,-62.0866,81.5376,85.6502,63.1279,1.2593,-59.1411
2.57500,32.0974,-55.3114,-62.7586,81.3559,84.9689,61.9856,0.8460,-59.1091
2.57917,31.9928,-54.3964,-63.5029,81.1559,84.2241,61.2270,0.5048,-59.1312
2.58333,31.8155,-53.6420,-64.1973,81.0064,83.4112,60.5394,0.0623,-59.1526
2.58750,31.6415,-52.9665,-64.9742,80.8291,82.7211,60.1913,-0.2764,-59.1946
2.59167,31.3189,-52.5151,-65.7703,80.6803,81.8881,59.9574,-0.6202,-59.2312
2.59583,31.7017,-51.5906,-66.5699,80.4543,81.2929,59.9108,-0.9391,-59.2986
2.60000,31.4522,-51.1490,-67.3295,80.2454,80.6295,60.2092,-1.0369,-59.3910
2.60417,32.3087,-50.0581,-68.1757,80.0143,80.0192,60.4278,-1.1786,-59.4704
2.60833,32.9529,-49.2472,-68.8861,79.2239,79.3536,60.7960,-1.8198,-59.8245
2.61250,33.2897,-48.6132,-69.5960,78.7035,78.7838,61.3160,-2.0932,-60.0630
2.61667,33.6862,-48.0642,-70.1955,78.0648,78.1733,61.8197,-2.3454,-60.3415
2.62083,34.7609,-47.0087,-70.8471,77.7416,77.6829,62.1829,-2.2961,-60.4771
2.62500,34.7517,-46.7957,-71.3385,76.7687,77.1263,63.3361,-2.8032,-60.9120
2.62917,34.7795,-46.6052,-71.8219,76.3702,76.7194,63.7780,-2.7419,-61.0883
2.63333,35.2218,-46.2886,-72.0743,75.3529,76.1327,64.7856,-3.1623,-61.5113
2.63750,35.2119,-46.1944,-72.5447,74.6266,75.8752,65.3140,-3.3098,-61.8200
2.64167,38.6894,-43.4637,-72.8916,73.9144,75.5767,65.7278,-3.4228,-62.1018
2.64583,38.6283,-43.4515,-73.2401,73.1712,75.4499,66.0214,-3.5530,-62.4046
2.65000,39.6790,-43.2187,-72.7824,73.0520,74.5566,65.9895,-3.2160,-62.4811
2.65417,39.6955,-43.0271,-73.0259,71.7509,74.4524,66.4161,-3.7140,-62.9550
2.65833,40.0436,-42.8766,-72.8725,71.0629,73.9827,66.5637,-3.7826,-63.1753
2.66250,40.5964,-42.6626,-72.6726,70.3731,73.6188,66.6640,-3.8300,-63.4034
2.66667,40.9355,-42.2598,-72.7958,69.7209,73.5922,66.7366,-3.8653,-63.6093
2.67083,41.6978,-41.9159,-72.4279,69.0790,73.1950,66.7941,-3.8908,-63.8001
2.67500,43.7576,-40.6061,-72.1645,68.5772,73.0583,66.8296,-3.6659,-63.9551
2.67917,44.0225,-40.2517,-72.0816,67.8174,72.9774,66.8799,-3.9063,-64.1296
2.68333,44.2857,-40.0326,-71.8850,67.4053,72.8590,66.9032,-3.6837,-64.2680
2.68750,45.9295,-39.1606,-71.4224,66.6831,72.6249,66.9214,-3.9172,-64.3899
2.69167,46.3394,-38.7153,-71.2743,66.2989,72.5934,66.9133,-3.6982,-64.6096
2.69583,47.3377,-38.0877,-70.9678,65.6435,72.5006,66.9414,-3.9346,-64.6280
2.70000,49.6328,-36.5341,-70.6278,65.3908,72.5021,66.9337,-3.7330,-64.6373
2.70417,49.6454,-36.3439,-70.5388,64.7050,72.5739,66.9328,-3.9636,-64.8470
2.70833,50.2690,-36.0165,-70.2281,64.3392,72.5155,66.9176,-3.9674,-64.9290
2.71250,50.4006,-35.7894,-70.0251,64.0785,72.4992,66.8996,-3.8904,-64.9688
2.71667,55.8072,-32.1641,-69.4293,63.7434,72.5447,66.8718,-4.0081,-65.0877
2.72083,55.8409,-32.0411,-69.2347,63.4994,72.5863,66.8253,-4.0727,-65.1697
2.72500,56.3074,-31.9038,-68.8919,63.2111,72.4651,66.7528,-4.2797,-65.2941
2.72917,56.4463,-31.7563,-68.5983,63.1326,72.4099,66.6423,-4.3391,-65.3773
2.73333,61.6032,-28.6364,-67.6142,63.0624,72.2125,66.5362,-4.4907,-65.4686
2.73750,61.9616,-28.3951,-67.3007,63.0656,72.0916,66.3377,-4.6630,-65.5821
2.74167,65.1119,-26.0735,-66.6785,63.1553,72.0465,66.1467,-4.9089,-65.6399
2.74583,65.7776,-25.8485,-66.1604,63.3050,71.7990,65.6804,-5.0947,-65.7722
2.75000,65.8771,-25.7711,-65.8672,63.5625,71.6742,65.1746,-5.3415,-65.8212
2.75417,67.1778,-25.2549,-65.1487,63.9902,71.3199,64.3587,-5.5461,-65.8264
2.75833,67.2908,-25.1648,-64.8504,64.4244,71.1387,63.1309,-5.7185,-65.8771
2.76250,69.5683,-23.7461,-64.2888,64.7909,71.0193,61.8837,-5.9495,-66.0212
2.76667,69.6223,-23.7322,-63.9838,65.3179,70.7829,60.2825,-6.1484,-66.0638
2.77083,69.6696,-23.7039,-63.6710,65.9294,70.5202,58.2606,-6.2910,-66.0665
2.77500,69.7253,-23.8243,-63.2362,66.5969,70.1562,55.4967,-6.3339,-66.0783
2.77917,69.7776,-23.7881,-62.9526,67.2052,69.8587,53.4489,-6.5088,-66.1137
2.78333,70.4995,-23.1637,-62.5125,67.8490,69.4392,51.1972,-6.6479,-66.1488
2.78750,70.4987,-23.1171,-62.2605,68.3786,69.1034,49.7254,-6.9577,-66.3684
2.79167,70.4433,-23.1019,-62.0238,69.1597,68.7805,46.6037,-6.9202,-66.2397
2.79583,70.2076,-23.1825,-61.9206,69.8108,68.4487,44.2193,-7.0760,-66.2958
2.80000,68.5922,-24.0398,-61.8412,70.4310,67.8947,42.6308,-7.3619,-66.4637
2.80417,68.6006,-24.0093,-61.6793,71.1400,67.4918,39.5444,-7.3840,-66.4346
2.80833,67.1350,-24.7632,-61.7589,71.8292,67.0798,37.3324,-7.5361,-66.5029
2.81250,67.0362,-24.7335,-61.6755,72.5152,66.6882,34.8428,-7.6764,-66.5953
2.81667,66.9969,-24.7351,-61.5861,73.2266,66.2909,32.4270,-7.8124,-66.6864
2.82083,64.3195,-26.2107,-61.8451,73.9906,65.7794,30.5494,-7.9997,-66.8360
2.82500,64.2438,-26.2002,-61.8014,74.6696,65.3831,27.1907,-8.0286,-66.8916
2.82917,63.9854,-26.2476,-61.8754,75.4496,64.9948,24.7116,-8.0880,-66.9926
2.83333,63.7858,-26.2744,-61.9522,76.2613,64.5645,22.1657,-8.1141,-67.1050
2.83750,63.4969,-26.3572,-62.0496,76.9717,64.1488,18.8387,-8.1700,-67.2099
2.84167,61.7747,-26.9431,-62.6480,77.7168,63.9621,15.7169,-8.2186,-67.3565
2.84583,58.0648,-29.1849,-62.8640,78.5248,63.3249,12.8774,-8.2351,-67.4933
2.85000,56.6639,-30.3894,-62.7037,79.3029,62.6167,9.7162,-8.2573,-67.6316
2.85417,56.5534,-30.4016,-62.7816,80.0678,62.1703,6.6053,-8.2915,-67.7571
2.85833,56.4093,-30.4461,-62.8857,81.0987,61.7199,4.6964,-8.2040,-67.7430
2.86250,52.9038,-32.4821,-63.1394,81.7178,61.2095,0.7684,-8.2865,-68.0237
2.86667,52.7965,-32.5151,-63.2460,82.7282,60.7775,-1.1186,-8.2022,-68.0130
2.87083,52.1692,-32.7772,-63.4430,83.3511,60.3960,-5.0571,-8.3080,-68.2838
2.87500,51.9542,-32.8693,-63.5682,84.1554,59.9932,-8.1205,-8.2962,-68.3911
2.87917,50.0891,-33.8284,-63.8365,84.9875,59.6678,-10.9220,-8.2792,-68.5002
2.88333,46.8756,-36.0478,-63.7700,85.8309,59.0248,-13.5998,-8.2485,-68.5921
2.88750,46.7834,-36.1112,-63.9023,86.6423,58.6419,-16.4674,-8.2211,-68.6825
2.89167,46.5777,-36.2387,-64.0271,87.4828,58.2685,-18.8902,-8.1455,-68.7682
2.89583,44.7942,-37.2820,-64.1287,88.3197,57.9192,-21.4665,-8.0754,-68.7963
2.90000,44.6780,-37.3942,-64.2904,89.1360,57.5981,-23.9765,-7.9866,-68.8387
2.90417,41.4247,-39.6561,-64.1341,90.0203,57.0539,-25.9614,-7.9188,-68.8761
2.90833,41.3846,-39.7272,-64.2914,90.7418,56.7552,-28.7170,-7.7594,-68.8815
2.91250,41.3024,-39.8249,-64.4466,91.6060,56.4507,-30.5171,-7.7325,-68.9312
2.91667,39.1695,-41.3194,-64.3747,92.2081,56.1232,-34.0292,-7.6259,-68.9602
2.92083,39.1165,-41.3934,-64.5144,92.8889,55.8510,-36.7448,-7.5338,-68.9672
2.92500,39.0085,-41.5060,-64.6528,93.6271,55.5772,-38.9071,-7.3736,-68.9530
2.92917,36.8712,-43.1677,-64.4243,94.3256,55.1753,-41.0369,-7.2042,-68.9118
2.93333,36.8138,-43.2579,-64.5540,94.9925,54.9454,-43.1651,-7.0287,-68.8658
2.93750,36.6435,-43.4679,-64.6379,95.6301,54.6788,-45.3228,-6.8566,-68.8215
2.94167,36.5948,-43.5499,-64.7880,96.2267,54.4482,-47.4398,-6.6684,-68.7650
2.94583,36.2806,-43.9888,-64.7401,96.7927,54.1568,-49.4351,-6.4615,-68.6813
2.95000,35.0303,-45.2418,-64.5283,97.3369,53.8468,-51.5438,-6.2629,-68.5780
2.95417,35.0244,-45.3118,-64.6174,97.8922,53.6221,-53.0304,-6.0002,-68.4307
2.95833,35.0443,-45.4086,-64.7159,98.4008,53.4133,-54.6228,-5.7415,-68.2750
2.96250,34.7370,-46.0967,-64.4430,98.8419,52.9911,-56.4397,-5.5068,-68.1440
2.96667,34.7562,-46.1241,-64.5678,99.2946,52.8328,-57.8503,-5.1983,-67.9108
2.97083,34.5005,-46.5898,-64.4172,99.7019,52.5276,-59.1956,-4.8341,-67.6053
2.97500,34.4222,-46.7655,-64.4188,100.1504,52.3036,-60.4124,-4.4143,-67.2127
2.97917,34.4466,-46.8891,-64.3860,100.5036,52.0357,-61.5706,-3.8041,-66.5797
2.98333,34.4628,-46.8869,-64.4786,100.8734,51.9102,-62.5151,-3.2261,-65.9667
2.98750,34.4835,-47.0931,-64.3300,101.2786,51.5536,-62.9258,-2.6181,-65.3160
2.99167,34.5107,-47.1657,-64.3374,101.5147,51.3722,-63.8588,-2.0645,-64.6840
2.99583,34.5319,-47.1212,-64.3804,101.7536,51.1996,-64.3738,-1.4522,-64.0333
3.00000,34.7592,-47.2122,-64.2936,102.0145,50.9755,-64.3215,-0.8841,-63.3718
3.00417,34.8084,-47.1527,-64.2826,102.1443,50.7513,-64.6149,-0.2926,-62.7201
3.00833,34.9240,-47.1222,-64.2122,102.2081,50.4917,-65.2376,0.3600,-62.0425
3.01250,35.1054,-47.0916,-64.1327,102.2143,50.2478,-65.4376,0.9139,-61.3751
3.01667,35.7085,-46.8257,-64.1153,102.1612,50.1045,-65.6552,1.4853,-60.7253
3.02083,35.7737,-46.7183,-64.0644,102.0830,49.8418,-65.8164,2.1255,-60.0824
3.02500,35.9303,-46.6381,-63.9494,101.8848,49.5575,-65.9380,2.6422,-59.4367
3.02917,36.3356,-46.5205,-63.8038,101.6367,49.2891,-66.0538,3.1787,-58.8149
3.03333,36.8806,-46.2315,-63.7307,101.3154,49.0977,-66.1794,3.7262,-58.2326
3.03750,36.9193,-46.1656,-63.7225,100.9872,48.9880,-66.1877,4.2979,-57.5929
3.04167,37.2141,-45.9594,-63.4748,100.5545,48.5015,-66.2632,4.8533,-56.9929
3.04583,37.6260,-45.7517,-63.3105,100.1120,48.2047,-66.3213,5.4805,-56.3683
3.05000,39.2212,-44.8499,-63.2975,99.4941,48.1700,-66.3660,5.9579,-55.8298
3.05417,39.3943,-44.7275,-63.1171,98.9130,47.8076,-66.4056,6.4727,-55.2395
3.05833,39.7273,-44.5470,-62.9235,98.2357,47.5057,-66.4468,6.9947,-54.6837
3.06250,39.7776,-44.5045,-62.9034,97.4653,47.3968,-66.4366,7.4689,-54.1872
3.06667,40.3627,-44.1349,-62.5522,96.7317,46.8408,-66.4464,7.9861,-53.6618
3.07083,40.4205,-44.1075,-62.5426,95.7928,46.7548,-66.4957,8.4384,-53.1179
3.07500,41.8268,-43.2186,-62.2986,94.9941,46.3899,-66.5427,8.9956,-52.5660
3.07917,41.9963,-43.0518,-62.0690,94.1266,45.9793,-66.5329,9.6270,-52.0162
3.08333,42.7745,-42.5676,-61.9927,93.1261,45.7768,-66.5426,10.0480,-51.5542
3.08750,43.0737,-42.3888,-61.7547,92.0879,45.3754,-66.5891,10.5133,-51.0932
3.09167,43.1245,-42.3493,-61.6831,91.1120,45.2644,-66.5553,11.0695,-50.5627
3.09583,43.7187,-41.8777,-61.4193,89.9835,44.6867,-66.6283,11.5005,-50.1924
3.10000,44.2171,-41.5216,-61.3103,88.9287,44.4098,-66.5808,11.9866,-49.6347
3.10417,44.2703,-41.5186,-61.2806,87.8446,44.3096,-66.5549,12.4914,-49.2130
3.10833,44.9174,-40.9062,-61.0836,86.7149,43.8041,-66.5576,12.9773,-48.7926
3.11250,45.4094,-40.5134,-60.9690,85.5367,43.5098,-66.5874,13.2913,-48.4194
3.11667,45.6290,-40.3159,-60.7593,84.4142,43.0733,-66.5358,13.8319,-47.9550
3.12083,45.8757,-40.2214,-60.4463,83.2360,42.5565,-66.5580,14.2210,-47.5899
3.12500,46.3889,-39.8522,-60.2827,82.0581,42.3100,-66.5525,14.6292,-47.2097
3.12917,47.0282,-39.3412,-60.1958,80.9378,42.0306,-66.4940,15.1373,-46.8117
3.13333,47.3592,-39.0873,-59.9789,79.7563,41.6168,-66.5131,15.4670,-46.4551
3.13750,47.6674,-38.7952,-59.7567,78.5732,41.1332,-66.4908,15.7414,-46.1598
3.14167,47.9928,-38.5230,-59.5457,77.5107,40.7153,-66.4314,16.2940,-45.7407
3.14583,48.1185,-38.4871,-59.4481,76.3745,40.5966,-66.4447,16.5271,-45.4848
3.15000,49.0998,-37.7537,-59.2110,75.3184,40.1021,-66.3588,17.0362,-45.0967
3.15417,49.5522,-37.3757,-59.0119,74.3037,39.6941,-66.3096,17.4348,-44.7956
3.15833,50.1612,-36.9055,-58.8696,73.2485,39.3915,-66.3169,17.6178,-44.5618
3.16250,50.2224,-36.8157,-58.7527,72.2089,39.1364,-66.2404,17.8296,-44.3192
3.16667,50.9495,-36.1531,-58.5559,71.2078,38.6610,-66.1648,18.0416,-44.0816
3.17083,51.0240,-35.9902,-58.3756,70.4508,38.1843,-66.0694,18.7367,-43.7004
3.17500,51.5432,-35.5634,-58.1253,69.5202,37.7385,-65.9828,18.8926,-43.4977
3.17917,51.8213,-35.1893,-57.9425,68.7604,37.3246,-65.9034,19.3116,-43.2197
3.18333,52.1521,-34.8091,-57.7906,67.9527,36.9186,-65.8622,19.3901,-43.0613
3.18750,52.4764,-34.3745,-57.6802,67.2723,36.5584,-65.6763,19.8085,-42.7776
3.19167,52.4915,-34.2792,-57.5487,66.5229,36.2628,-65.6351,19.8720,-42.6559
3.19583,52.7316,-33.8836,-57.2442,65.7776,35.5904,-65.4807,19.9594,-42.5251
3.20000,52.7725,-33.5032,-57.1462,65.3551,35.1907,-65.1754,20.4761,-42.2091
3.20417,52.8231,-33.2892,-56.9237,64.6683,34.6739,-65.0786,20.5413,-42.1504
3.20833,52.7516,-32.9829,-56.7965,64.2471,34.2348,-64.6527,21.0039,-41.9504
3.21250,52.7994,-32.7557,-56.5895,63.6646,33.7480,-64.5396,20.9954,-41.8860
3.21667,52.7927,-32.5964,-56.4513,63.1079,33.3331,-64.3556,20.9996,-41.8270
3.22083,52.7253,-32.1408,-56.3034,62.8512,32.8323,-63.6948,21.5920,-41.6170
3.22500,52.6994,-31.9237,-56.1123,62.3596,32.3584,-63.5861,21.5329,-41.5993
3.22917,52.6840,-31.6129,-55.9478,62.0482,31.9058,-62.8110,21.9519,-41.4649
3.23333,52.6853,-31.3333,-55.7715,61.5857,31.4162,-62.6661,21.8824,-41.4738
3.23750,52.4535,-31.0604,-55.6664,61.1596,30.9769,-62.4827,21.8070,-41.4910
3.24167,52.4451,-30.7994,-55.4269,60.9542,30.4354,-61.1057,22.4456,-41.3485
3.24583,52.4289,-30.4136,-55.3578,60.5806,30.0937,-61.0012,22.3261,-41.3969
3.25000,52.3405,-30.1448,-55.1761,60.1859,29.6288,-60.8415,22.2179,-41.4726
3.25417,52.3453,-29.8404,-54.9845,59.9968,29.1741,-59.1897,22.8460,-41.3800
3.25833,52.4158,-29.5342,-54.7806,59.6484,28.7310,-59.0812,22.7122,-41.4687
3.26250,52.4016,-29.2830,-54.5880,59.3634,28.3013,-59.0111,22.5281,-41.4686
3.26667,52.6079,-28.8378,-54.3941,59.1163,27.8714,-57.1319,23.1377,-41.5391
3.27083,52.7538,-28.4037,-54.1834,58.8262,27.4489,-57.0683,22.9879,-41.6605
3.27500,52.7755,-28.0764,-53.9594,58.5900,26.9537,-55.9528,23.2426,-41.7208
3.27917,52.9869,-27.6263,-53.7246,58.3906,26.5751,-56.0775,23.1226,-41.7972
3.28333,52.9997,-27.3091,-53.4946,58.1384,26.1245,-55.1232,23.2465,-41.9548
3.28750,53.2009,-26.7215,-53.2663,57.9728,25.7204,-55.0077,23.0829,-42.0753
3.29167,53.1457,-26.5273,-53.1137,57.7510,25.4970,-55.0655,22.9245,-42.2749
3.29583,53.3189,-25.9494,-52.7673,57.6372,24.8742,-55.5565,23.0249,-42.3299
3.30000,53.3231,-25.5393,-52.5034,57.4632,24.3430,-55.2278,22.8499,-42.5725
3.30417,53.2777,-25.3458,-52.3561,57.3725,24.2427,-55.0357,22.6584,-42.7153
3.30833,53.6582,-24.5674,-52.0141,57.2339,23.6430,-54.7812,22.7086,-42.9507
3.31250,53.5901,-24.3058,-51.8469,57.1782,23.4491,-54.5685,22.5357,-43.1832
3.31667,53.8371,-23.5139,-51.5093,57.1208,22.8399,-54.5004,22.3394,-43.3972
3.32083,53.7588,-23.0249,-51.2149,57.0808,22.3490,-54.3016,22.1716,-43.6137
3.32500,53.6491,-22.5451,-50.9398,57.0136,21.9019,-54.4719,22.1328,-43.9005
3.32917,53.5642,-22.1306,-50.6441,57.0025,21.4771,-54.2096,21.9415,-44.1689
3.33333,53.6497,-21.4768,-50.4088,56.9762,21.1245,-54.2148,21.8226,-44.4365
3.33750,53.5565,-20.9092,-50.1280,56.9743,20.7112,-53.9080,21.5951,-44.6682
3.34167,53.3823,-20.3589,-49.8435,56.9810,20.2815,-53.5754,21.4313,-45.0430
3.34583,53.2511,-19.7995,-49.5688,56.9872,19.8669,-53.2646,21.1909,-45.2858
3.35000,53.1731,-19.3339,-49.2746,56.9982,19.4631,-52.9003,21.0276,-45.6529
3.35417,53.2606,-18.5215,-49.0908,57.0008,19.2039,-52.6070,20.9623,-46.0079
3.35833,53.1867,-18.0453,-48.7976,57.0045,18.8329,-52.2120,20.7530,-46.3456
3.36250,53.1896,-17.3500,-48.5127,57.0005,18.4068,-51.7899,20.5683,-46.7076
3.36667,53.2237,-16.4172,-48.3458,56.9936,18.2056,-51.3425,20.3753,-47.0627
3.37083,53.0923,-15.9806,-48.0797,56.9808,17.9488,-50.8828,20.1829,-47.4208
3.37500,53.0167,-15.1980,-47.8404,56.9255,17.5706,-50.3671,20.0372,-47.8084
3.37917,53.0495,-14.3071,-47.7350,56.9237,17.4333,-49.9128,19.8186,-48.1524
3.38333,53.1444,-13.4335,-47.6199,56.8930,17.3445,-49.4052,19.6008,-48.5322
3.38750,53.0224,-12.6749,-47.4330,56.7719,17.1284,-48.6732,19.5202,-48.9753
3.39167,52.9361,-12.1255,-47.1541,56.7502,16.8182,-48.2121,19.2725,-49.3455
3.39583,52.8732,-11.4320,-46.9623,56.6907,16.5954,-47.4537,19.0599,-49.7552
3.40000,53.0209,-10.2940,-47.0061,56.6302,16.7263,-46.9239,18.8163,-50.1362
3.40417,52.8790,-9.5169,-46.8466,56.5392,16.5515,-46.3538,18.5768,-50.5297
3.40833,52.7955,-8.7097,-46.7307,56.4429,16.4542,-45.7536,18.3338,-50.9308
3.41250,52.7132,-8.2354,-46.5173,56.3101,16.2910,-44.7594,18.1366,-51.3853
3.41667,52.6404,-7.9597,-46.3781,56.2051,16.2965,-44.2098,17.8666,-51.7887
3.42083,52.7072,-6.2597,-46.4667,56.0866,16.3393,-43.6107,17.6075,-52.1929
3.42500,52.5754,-5.8703,-46.2871,55.9071,16.2518,-42.9232,17.3468,-52.6336
3.42917,52.4095,-5.1652,-46.1500,55.7761,16.0742,-42.2475,17.0767,-53.0419
3.43333,52.1971,-3.9581,-46.3742,55.6265,16.3521,-41.5851,16.8050,-53.4583
3.43750,52.1206,-3.5373,-46.1992,55.5074,16.2693,-40.9570,16.5140,-53.8734
3.44167,51.9883,-2.3478,-46.3510,55.3333,16.4731,-40.3301,16.2424,-54.2826
3.44583,51.8285,-1.9446,-46.1920,55.1473,16.3854,-39.7138,15.9625,-54.6810
3.45000,51.5345,-1.0782,-46.3241,54.9904,16.5324,-38.9499,15.6807,-55.1019
3.45417,51.3817,-0.6485,-46.2238,54.8179,16.5036,-38.3857,15.4332,-55.4602
3.45833,51.2031,0.1326,-46.4216,54.6665,16.7264,-37.8457,15.2270,-55.7669
3.46250,50.7334,0.9389,-46.5943,54.5234,16.9142,-37.3037,15.0876,-55.9224
3.46667,29.6646,-11.1176,-53.6680,54.3640,20.8723,-36.6043,15.0408,-56.0661
3.47083,29.4520,-10.6978,-53.5312,54.3427,20.8044,-35.2272,15.0704,-56.0655
3.47500,29.2532,-10.1356,-53.4562,54.1242,20.8056,-34.2993,15.1251,-56.1379
3.47917,29.0671,-9.6455,-53.3564,54.0360,20.7918,-33.2474,15.2197,-56.1601
3.48333,28.8217,-9.2151,-53.2130,53.9122,20.7594,-32.2108,15.2888,-56.1790
3.48750,28.6116,-8.6668,-53.1619,53.8048,20.7983,-31.1936,15.3727,-56.1840
3.49167,28.4065,-8.2463,-52.9754,53.7207,20.7326,-30.2016,15.4692,-56.1737
3.49583,28.0830,-7.8533,-52.8332,53.6221,20.7101,-29.2188,15.5757,-56.1647
3.50000,27.9397,-7.1555,-52.8315,53.7339,20.7822,-27.9503,15.6583,-56.0735
3.50417,27.4034,-6.7892,-52.6274,53.6628,20.6607,-27.0882,15.7798,-56.0371
3.50833,27.2043,-6.3627,-52.4678,53.3801,20.6184,-26.2210,15.8916,-56.1081
3.51250,26.8394,-5.9019,-52.3676,53.5346,20.6258,-25.1767,15.9865,-55.9536
3.51667,26.5713,-5.4581,-52.2033,53.4494,20.5486,-24.2865,16.0833,-55.9344
3.52083,26.2668,-5.0117,-52.0972,53.3684,20.5914,-23.4814,16.1794,-55.9318
3.52500,25.9932,-4.7126,-51.9105,53.2445,20.5094,-22.4356,16.2058,-55.9641
3.52917,25.7781,-4.2519,-51.7272,53.1631,20.4272,-21.6754,16.2767,-55.9521
3.53333,25.7098,-3.5714,-51.6365,53.0878,20.4736,-21.1199,16.3143,-55.9379
3.53750,25.5811,-3.3302,-51.4984,52.9657,20.5346,-20.3620,16.3239,-55.9926
3.54167,25.4011,-2.6238,-51.3751,52.8804,20.4829,-19.8202,16.3293,-56.0054
3.54583,25.4989,-2.0694,-51.2662,52.7810,20.5199,-19.3019,16.3120,-56.0459
3.55000,25.4018,-1.6612,-51.0860,52.6601,20.4758,-18.7401,16.2770,-56.1180
3.55417,24.9014,-1.4119,-50.9930,52.5123,20.4455,-18.4596,16.2342,-56.2454
3.55833,25.0006,-0.7805,-50.6607,52.4552,20.2313,-17.8501,16.2475,-56.2405
3.56250,24.8217,-0.7443,-50.6595,52.2954,20.4496,-17.5741,16.2219,-56.3701
3.56667,24.1337,-0.0172,-50.4312,52.2001,20.2702,-17.0830,16.2440,-56.4258
3.57083,23.8712,0.1352,-50.3482,52.1236,20.2873,-16.6005,16.2595,-56.4649
3.57500,23.7572,0.7540,-50.1943,52.1658,20.2397,-15.5664,16.2768,-56.3832
3.57917,23.5547,0.7457,-50.2139,52.0946,20.4271,-14.8940,16.2846,-56.4630
3.58333,23.5818,1.5928,-49.9752,52.0094,20.2472,-14.8315,16.2738,-56.5657
3.58750,23.3478,1.8365,-49.8698,51.9457,20.1984,-14.6271,16.2889,-56.5978
3.59167,23.3249,2.3839,-49.7756,51.9592,20.2488,-13.9852,16.3544,-56.5007
3.59583,22.8495,2.7251,-49.6269,51.8926,20.1607,-14.0506,16.3268,-56.6554
3.60000,22.7560,2.9554,-49.5224,51.8463,20.1573,-13.9724,16.3353,-56.6891
3.60417,22.8103,3.2394,-49.4565,51.8205,20.1634,-13.8888,16.3453,-56.7215
3.60833,22.7720,3.5705,-49.4362,51.8031,20.2188,-13.8066,16.3555,-56.7451
3.61250,22.7350,3.8187,-49.3446,51.7896,20.1709,-13.7251,16.3658,-56.7595
3.61667,22.7047,3.4786,-49.5506,51.8129,20.4207,-13.2497,16.4039,-56.7126
3.62083,22.7023,4.1817,-49.3132,51.8007,20.2295,-13.3241,16.3747,-56.7892
3.62500,22.6902,4.2055,-49.3080,51.7882,20.2430,-13.3531,16.3859,-56.7897
3.62917,22.6837,4.2348,-49.2813,51.7915,20.2598,-13.3327,16.3664,-56.8018
3.63333,22.6470,4.2850,-49.2968,51.7871,20.2719,-13.2888,16.3889,-56.7697
3.63750,22.6378,4.3020,-49.2877,51.7955,20.2763,-13.2687,16.3826,-56.7733
3.64167,22.6346,4.3100,-49.2813,51.8002,20.2790,-13.2452,16.3760,-56.7776
